model_index	protein_id	amino_acids
0	NP_414542.1	21
1	NP_414543.1	820
2	NP_414544.1	310
3	NP_414545.1	428
4	NP_414546.1	98
5	NP_414547.1	258
6	NP_414548.1	476
7	NP_414549.1	317
8	NP_414550.1	195
9	NP_414551.1	188
10	YP_009518733.1	161
11	NP_414552.1	237
12	NP_414554.1	134
13	NP_414555.1	638
14	NP_414556.1	376
15	NP_414557.1	370
16	YP_025292.1	50
17	NP_414559.1	69
18	NP_414560.1	388
19	NP_414561.1	301
20	NP_414562.1	167
21	NP_414563.1	91
22	NP_414564.1	87
23	NP_414565.1	72
24	NP_414566.1	313
25	NP_414567.1	938
26	NP_414568.1	164
27	NP_414569.1	149
28	NP_414570.1	316
29	NP_414571.1	304
30	NP_414572.1	273
31	NP_414573.1	382
32	NP_414574.1	1073
33	NP_414576.4	131
34	NP_414577.2	196
35	NP_414578.2	261
36	NP_414579.4	517
37	NP_414580.1	405
38	NP_414581.1	380
39	NP_414582.1	504
40	NP_414583.2	256
41	NP_414584.1	313
42	NP_414585.1	428
43	NP_414586.1	95
44	NP_414587.1	443
45	NP_414588.1	176
46	NP_414589.1	620
47	NP_414590.1	159
48	NP_414591.1	280
49	NP_414592.1	125
50	NP_414593.1	273
51	NP_414594.1	329
52	NP_414595.1	428
53	NP_414596.1	784
54	NP_414597.1	271
55	YP_009518734.1	216
56	YP_009518735.1	52
57	NP_414600.1	219
58	NP_414601.1	968
59	NP_414602.1	783
60	NP_414603.1	231
61	NP_414604.1	500
62	NP_414605.1	566
63	NP_414606.1	292
64	NP_414607.1	254
65	NP_414608.1	232
66	NP_414609.1	536
67	NP_414610.1	327
68	NP_414611.1	551
69	YP_002791237.1	43
70	YP_025293.1	392
71	NP_414613.1	201
72	NP_414614.1	466
73	NP_414615.4	363
74	NP_414616.1	523
75	NP_414617.1	28
76	NP_414618.4	314
77	YP_009518736.1	14
78	YP_025294.2	574
79	NP_414620.1	163
80	NP_414622.1	334
81	NP_414623.1	152
82	NP_414624.1	313
83	NP_414625.1	121
84	NP_414626.1	588
85	NP_414627.1	495
86	NP_414628.1	452
87	NP_414629.1	360
88	NP_414630.1	438
89	NP_414631.1	414
90	NP_414632.1	355
91	NP_414633.1	491
92	NP_414634.1	306
93	NP_414635.1	276
94	NP_414636.1	420
95	NP_414637.1	383
96	NP_414638.1	305
97	NP_414639.2	170
98	NP_414640.1	901
99	NP_414641.1	129
100	NP_414643.1	65
101	NP_414644.1	247
102	NP_414645.1	206
103	YP_009518737.1	14
104	NP_414646.1	347
105	NP_414648.1	400
106	NP_414649.1	461
107	NP_414650.1	146
108	NP_414651.1	297
109	NP_414652.1	183
110	NP_414653.1	284
111	NP_414654.1	457
112	NP_414655.1	254
113	NP_414656.1	887
114	NP_414657.1	630
115	NP_414658.1	474
116	NP_414659.1	617
117	NP_414660.1	865
118	NP_414661.2	120
119	NP_414662.1	264
120	NP_414663.1	288
121	NP_414664.4	115
122	NP_414665.1	516
123	NP_414666.1	796
124	NP_414667.4	178
125	NP_414668.1	220
126	NP_414669.1	308
127	NP_414670.1	256
128	NP_414671.1	146
129	NP_414672.1	409
130	NP_414673.1	126
131	NP_414674.1	300
132	NP_414675.1	283
133	NP_414676.1	264
134	NP_414677.1	412
135	NP_414678.1	198
136	NP_414679.1	201
137	NP_414680.4	189
138	NP_414681.1	865
139	NP_414682.1	246
140	NP_414683.1	194
141	NP_414684.1	159
142	NP_414685.4	465
143	NP_414686.3	308
144	NP_414687.1	151
145	NP_414688.1	234
146	NP_414689.4	176
147	NP_414690.4	809
148	NP_414691.1	844
149	YP_010051172.1	799
150	NP_414692.1	747
151	NP_414693.1	265
152	NP_414694.1	296
153	NP_414695.1	660
154	NP_414696.1	426
155	YP_010051173.1	15
156	NP_414697.1	473
157	YP_009518738.1	21
158	NP_414698.1	114
159	NP_414699.1	207
160	NP_414700.1	266
161	NP_414701.1	232
162	NP_414702.1	505
163	NP_414703.1	474
164	NP_414704.4	385
165	NP_414705.1	128
166	NP_414706.2	270
167	NP_414708.1	274
168	NP_414709.1	890
169	NP_414710.1	264
170	NP_414711.1	241
171	NP_414712.1	283
172	NP_414713.1	241
173	NP_414714.1	185
174	NP_414715.1	398
175	NP_414716.1	253
176	NP_414717.2	285
177	NP_414718.1	450
178	NP_414719.1	810
179	NP_414720.1	161
180	NP_414721.1	341
181	NP_414722.1	151
182	NP_414723.1	262
183	NP_414724.1	382
184	NP_414725.1	198
185	NP_414726.1	1160
186	NP_414727.1	319
187	NP_414728.1	713
188	NP_414729.4	129
189	NP_414730.1	432
190	NP_414731.2	84
191	YP_026160.1	66
192	NP_414732.1	181
193	NP_414733.1	140
194	NP_414734.1	236
195	NP_414735.4	274
196	NP_414736.1	572
197	NP_414737.1	235
198	NP_414738.1	134
199	NP_414739.1	271
200	NP_414740.1	217
201	NP_414741.1	343
202	NP_414742.1	191
203	NP_414743.1	267
204	NP_414744.1	304
205	NP_414745.1	266
206	NP_414746.1	207
207	NP_414747.1	452
208	YP_010283908.1	10
209	NP_414748.1	251
210	NP_414749.2	240
211	NP_414750.1	155
212	NP_414751.1	243
213	NP_414752.1	261
214	YP_001165307.1	159
215	NP_414754.1	256
216	NP_414755.1	157
217	NP_414756.2	814
218	NP_414757.1	192
219	NP_414758.1	255
220	NP_414759.1	246
221	NP_414760.1	92
222	NP_414761.1	86
223	NP_414762.1	249
224	NP_414763.1	165
225	NP_414766.1	351
226	NP_414767.1	97
227	NP_414768.1	132
228	NP_414769.1	150
229	NP_414772.1	485
230	NP_414773.1	152
231	NP_414774.1	414
232	YP_009518739.1	167
233	YP_009518740.1	91
234	NP_414776.1	351
235	NP_414777.1	367
236	NP_414778.1	417
237	NP_414779.1	113
238	NP_414780.1	105
239	YP_588435.1	73
240	NP_414781.1	158
241	NP_414782.1	152
242	NP_414783.1	79
243	NP_414784.1	155
244	NP_414785.4	147
245	NP_414786.4	273
246	NP_414787.4	287
247	NP_414788.1	297
248	NP_414790.1	383
249	YP_009518741.1	381
250	NP_414793.2	326
251	NP_414794.4	467
252	NP_414795.1	310
253	NP_414796.2	348
254	NP_414798.1	167
255	NP_414799.1	91
256	YP_009518742.1	116
257	NP_414801.1	384
258	NP_414802.2	302
259	NP_414803.1	655
260	NP_414804.1	460
261	NP_414805.1	536
262	NP_414806.1	252
263	NP_414807.1	334
264	YP_010051174.1	31
265	YP_009518743.1	42
266	NP_414808.1	167
267	NP_414809.1	91
268	YP_009518744.1	243
269	NP_414811.1	208
270	NP_414812.1	232
271	NP_414813.1	284
272	YP_009518745.1	74
273	NP_414814.1	146
274	NP_414815.1	466
275	YP_009518746.1	136
276	NP_414817.1	318
277	NP_414818.1	732
278	NP_414819.1	318
279	NP_414820.1	229
280	NP_414821.1	204
281	NP_414822.1	109
282	NP_414823.2	236
283	NP_414824.1	547
284	NP_414825.1	841
285	NP_414826.1	222
286	NP_414827.1	195
287	NP_414828.1	196
288	NP_414829.1	75
289	YP_588437.1	46
290	NP_414830.1	87
291	YP_002791238.1	33
292	NP_414832.2	99
293	NP_414833.1	288
294	NP_414835.2	197
295	NP_414837.2	78
296	NP_414838.2	441
297	NP_414839.1	284
298	NP_414840.1	239
299	NP_414841.1	475
300	NP_414842.4	231
301	NP_414844.1	222
302	NP_414845.1	556
303	NP_414846.1	490
304	NP_414847.3	195
305	NP_414848.1	677
306	YP_009518747.1	24
307	NP_414849.1	362
308	NP_414850.1	310
309	NP_414851.1	165
310	NP_414852.1	201
311	NP_414853.1	287
312	NP_414854.1	515
313	NP_414855.1	472
314	YP_009518748.2	106
315	NP_414857.1	316
316	NP_414858.1	460
317	NP_414859.1	349
318	NP_414860.1	271
319	NP_414861.2	81
320	NP_414862.1	223
321	NP_414863.1	91
322	NP_414864.1	528
323	NP_414865.1	296
324	NP_414867.1	389
325	NP_414868.1	483
326	NP_414869.1	628
327	NP_414870.1	419
328	NP_414871.1	427
329	NP_414872.3	299
330	NP_414873.1	219
331	NP_414874.1	156
332	NP_414875.1	384
333	NP_414876.1	203
334	NP_414877.1	417
335	NP_414878.1	1024
336	NP_414879.3	360
337	NP_414880.2	277
338	NP_414881.1	554
339	NP_414882.1	314
340	NP_414883.5	288
341	NP_414884.2	269
342	NP_414885.1	316
343	NP_414886.1	337
344	NP_414887.2	403
345	NP_414888.4	179
346	NP_414889.1	277
347	NP_414890.1	369
348	NP_414891.4	91
349	NP_414892.1	257
350	NP_414894.2	121
351	NP_414895.1	301
352	NP_414897.1	398
353	YP_009518749.1	39
354	NP_414898.4	185
355	NP_414899.2	320
356	NP_414900.1	255
357	NP_414901.1	275
358	NP_414902.1	283
359	NP_414903.4	324
360	YP_010051175.1	18
361	NP_414906.1	288
362	NP_414907.2	99
363	NP_414909.2	207
364	NP_414910.1	385
365	NP_414911.1	406
366	NP_414912.1	364
367	NP_414913.1	102
368	NP_414914.2	70
369	NP_414915.1	364
370	NP_414916.1	86
371	NP_414917.2	471
372	NP_414918.4	106
373	NP_414919.1	371
374	NP_414920.1	269
375	NP_414921.2	152
376	NP_414922.1	174
377	NP_414923.1	63
378	NP_414924.1	225
379	NP_414925.1	94
380	YP_009518750.1	27
381	NP_414927.1	303
382	NP_414928.2	302
383	NP_414930.3	394
384	NP_414931.1	1048
385	NP_414932.1	400
386	NP_414933.1	229
387	NP_414934.1	431
388	NP_414935.1	439
389	NP_414936.1	457
390	NP_414937.2	604
391	NP_414938.1	193
392	NP_414939.1	356
393	NP_414940.1	375
394	NP_414941.1	110
395	NP_414942.1	615
396	NP_414943.1	323
397	NP_414944.1	115
398	NP_414945.1	294
399	NP_414946.4	179
400	NP_414947.1	149
401	NP_414948.1	367
402	NP_414949.1	156
403	NP_414950.1	139
404	NP_414951.1	325
405	NP_414952.1	172
406	NP_414953.2	324
407	NP_414954.1	620
408	NP_414955.1	299
409	NP_414956.1	80
410	NP_414957.1	482
411	NP_414958.4	196
412	NP_414959.1	303
413	NP_414960.2	163
414	NP_414961.4	454
415	NP_414962.1	296
416	NP_414963.1	109
417	NP_414964.1	204
418	NP_414965.1	663
419	NP_414966.1	315
420	NP_414967.1	491
421	NP_414968.4	192
422	NP_414969.4	105
423	NP_414970.1	432
424	NP_414971.1	207
425	NP_414972.1	424
426	NP_414973.1	784
427	NP_414974.1	90
428	NP_414975.1	623
429	NP_414976.1	123
430	NP_414977.1	132
431	NP_414978.1	231
432	NP_414979.1	566
433	NP_414980.2	272
434	NP_414981.4	152
435	NP_414982.1	590
436	NP_414983.1	593
437	NP_414984.1	112
438	NP_414985.1	428
439	NP_414986.1	286
440	NP_414987.3	190
441	NP_414988.1	129
442	NP_414989.1	117
443	NP_414990.2	516
444	NP_414991.4	156
445	NP_414992.1	183
446	NP_414993.1	72
447	NP_414994.1	124
448	NP_414995.1	1049
449	NP_414996.1	397
450	NP_414997.1	215
451	NP_414998.1	1120
452	NP_414999.1	53
453	NP_415000.1	175
454	NP_415001.1	125
455	NP_415002.1	183
456	YP_009518751.1	431
457	NP_415003.1	643
458	NP_415004.1	109
459	NP_415005.1	201
460	NP_415006.1	624
461	NP_415007.1	214
462	NP_415008.1	320
463	NP_415009.1	319
464	NP_415010.1	434
465	NP_415011.1	558
466	NP_415012.1	406
467	NP_415013.1	550
468	NP_415014.1	159
469	NP_415015.1	264
470	NP_415016.4	113
471	YP_009518752.1	70
472	NP_415017.1	834
473	NP_415018.1	310
474	NP_415019.1	430
475	NP_415020.1	135
476	NP_415021.2	152
477	NP_415022.1	305
478	NP_415023.1	225
479	NP_415024.4	259
480	NP_415025.4	284
481	NP_415026.1	269
482	NP_415027.1	208
483	NP_415028.1	228
484	NP_415029.1	804
485	NP_415030.1	1426
486	NP_415031.1	122
487	YP_009518753.1	123
488	NP_415036.1	364
489	NP_415037.1	308
490	NP_415038.1	160
491	NP_415039.1	271
492	NP_415040.1	593
493	NP_415041.1	258
494	NP_415042.1	292
495	NP_415044.4	484
496	NP_415045.1	453
497	NP_415046.4	433
498	NP_415047.1	381
499	NP_415048.1	261
500	NP_415049.1	411
501	NP_415050.1	349
502	NP_415051.1	555
503	YP_009029994.1	419
504	NP_415053.1	271
505	NP_415054.1	297
506	NP_415055.1	355
507	NP_415056.1	169
508	NP_415057.1	240
509	NP_415058.1	164
510	NP_415059.1	461
511	NP_415060.1	173
512	NP_415061.2	70
513	NP_415062.1	288
514	NP_415063.4	180
515	NP_415064.1	230
516	NP_415065.1	867
517	NP_415066.2	327
518	NP_415067.1	171
519	NP_415068.1	210
520	NP_415069.1	387
521	NP_415072.2	99
522	NP_415073.1	288
523	NP_415075.1	110
524	YP_009518754.1	49
525	NP_415076.1	508
526	NP_415077.1	183
527	NP_415078.1	265
528	YP_001165308.1	33
529	NP_415079.1	151
530	NP_415080.1	56
531	NP_415081.1	96
532	NP_415082.1	120
533	YP_588439.1	46
534	NP_415083.1	127
535	NP_415084.2	326
536	NP_415086.1	71
537	NP_415087.1	165
538	YP_588440.1	60
539	NP_415088.1	153
540	NP_415089.1	97
541	NP_415090.2	136
542	NP_415091.1	68
543	YP_001165309.1	64
544	NP_415092.1	181
545	YP_009518755.1	187
546	YP_009518756.1	61
547	NP_415096.1	249
548	NP_415097.1	317
549	NP_415098.1	253
550	NP_415099.1	296
551	NP_415100.1	990
552	NP_415101.1	745
553	NP_415102.1	480
554	NP_415103.1	227
555	NP_415104.1	457
556	NP_415105.1	110
557	NP_415106.1	407
558	NP_415107.1	1047
559	NP_415108.1	458
560	NP_415109.1	415
561	NP_415110.1	217
562	NP_415111.1	122
563	NP_415112.1	82
564	NP_415113.1	372
565	YP_025295.1	50
566	NP_415114.1	370
567	NP_415115.2	206
568	NP_415116.1	746
569	NP_415117.2	400
570	YP_588441.1	72
571	NP_415118.1	1293
572	NP_415119.1	377
573	NP_415120.1	271
574	NP_415121.1	330
575	NP_415122.1	334
576	NP_415123.1	416
577	NP_415124.1	318
578	NP_415125.1	391
579	NP_415126.1	536
580	NP_415127.1	285
581	NP_415128.1	248
582	NP_415129.1	137
583	NP_415130.1	701
584	YP_588442.1	65
585	NP_415132.1	362
586	NP_415133.1	386
587	NP_415134.1	209
588	NP_415135.1	406
589	NP_415136.1	300
590	NP_415137.2	248
591	NP_415138.1	187
592	NP_415139.2	521
593	NP_415140.1	142
594	NP_415141.1	412
595	YP_009518757.1	29
596	NP_415143.1	136
597	NP_415144.1	268
598	NP_415145.1	487
599	NP_415146.1	292
600	NP_415147.1	183
601	NP_415148.1	510
602	NP_415149.4	302
603	NP_415150.1	98
604	NP_415151.4	352
605	NP_415152.1	552
606	NP_415153.1	226
607	NP_415154.1	461
608	NP_415155.1	186
609	NP_415156.1	69
610	NP_415157.1	127
611	NP_415160.1	67
612	NP_415161.1	321
613	NP_415162.4	317
614	NP_415163.2	213
615	NP_415164.1	87
616	NP_415165.1	403
617	NP_415166.1	362
618	NP_415167.1	370
619	NP_415168.1	633
620	NP_415169.1	155
621	NP_415170.4	105
622	NP_415171.1	203
623	NP_415172.1	213
624	NP_415173.1	343
625	NP_415174.1	193
626	NP_415175.1	860
627	NP_415176.1	160
628	NP_415177.4	325
629	NP_415178.1	235
630	NP_415179.1	475
631	NP_415180.1	184
632	NP_415181.1	235
633	NP_415182.1	483
634	NP_415183.1	556
635	NP_415184.1	311
636	NP_415185.1	241
637	NP_415186.1	224
638	NP_415187.1	246
639	NP_415188.1	302
640	NP_415189.2	326
641	NP_415190.1	512
642	NP_415191.1	292
643	NP_415192.1	155
644	NP_415193.2	346
645	NP_415194.1	474
646	NP_415195.1	391
647	NP_415200.1	554
648	NP_415201.1	250
649	NP_415202.1	406
650	NP_415203.1	382
651	NP_415204.1	266
652	NP_415205.1	648
653	NP_415206.1	554
654	NP_415207.1	468
655	NP_415208.1	108
656	NP_415209.1	148
657	YP_001491546.1	28
658	NP_415210.1	176
659	NP_415211.2	97
660	NP_415212.1	254
661	NP_415213.1	181
662	NP_415214.1	546
663	NP_415215.1	164
664	NP_415219.1	439
665	NP_415220.1	732
666	YP_010051176.1	34
667	NP_415222.1	225
668	NP_415223.1	894
669	NP_415224.1	190
670	NP_415225.1	682
671	NP_415226.1	557
672	YP_588443.1	29
673	NP_415228.1	68
674	NP_415229.1	1397
675	NP_415230.1	108
676	NP_415232.1	189
677	YP_009518758.1	84
678	NP_415234.1	253
679	NP_415235.1	169
680	NP_415236.1	472
681	NP_415237.1	493
682	NP_415238.1	247
683	NP_415239.1	218
684	NP_415240.1	310
685	NP_415241.1	244
686	NP_415242.1	263
687	NP_415243.4	348
688	NP_415244.4	353
689	NP_415245.1	242
690	NP_415246.2	815
691	NP_415247.1	188
692	NP_415248.1	427
693	YP_010051177.1	10
694	YP_009518759.1	35
695	NP_415249.1	129
696	NP_415250.1	115
697	NP_415251.1	588
698	NP_415252.1	238
699	NP_415254.1	933
700	NP_415255.1	405
701	NP_415256.1	388
702	NP_415257.1	289
703	NP_415258.1	240
704	NP_415259.1	658
705	NP_415260.1	877
706	NP_415261.2	522
707	NP_415262.1	379
708	YP_588444.1	37
709	NP_415263.1	97
710	NP_415264.1	134
711	NP_415265.1	230
712	NP_415266.1	142
713	NP_415267.1	421
714	NP_415268.1	430
715	NP_415269.1	173
716	NP_415270.1	263
717	NP_415271.1	347
718	NP_415272.1	239
719	NP_415273.1	313
720	NP_415274.1	126
721	NP_415275.1	350
722	NP_415276.1	250
723	NP_415277.1	346
724	NP_415278.1	382
725	NP_415279.1	348
726	NP_415280.3	338
727	NP_415281.1	490
728	NP_415282.1	262
729	NP_415283.1	49
730	NP_415284.1	257
731	NP_415285.1	229
732	NP_415286.1	352
733	NP_415287.1	272
734	NP_415288.1	331
735	NP_415289.4	317
736	NP_415290.1	350
737	NP_415291.1	477
738	NP_415292.2	753
739	NP_415293.1	427
740	NP_415294.1	158
741	NP_415295.1	429
742	NP_415296.1	346
743	NP_415297.1	384
744	NP_415298.1	251
745	NP_415299.1	225
746	NP_415300.1	673
747	NP_415301.1	302
748	NP_415302.1	329
749	NP_415303.1	170
750	NP_415304.1	161
751	NP_415305.1	81
752	NP_415306.1	150
753	NP_415307.1	234
754	NP_415308.1	237
755	NP_415309.1	318
756	NP_415310.1	413
757	NP_415311.1	253
758	NP_415312.1	136
759	NP_415313.1	368
760	NP_415314.1	377
761	NP_415315.4	578
762	NP_415316.1	332
763	NP_415317.4	223
764	NP_415318.1	454
765	NP_415319.1	160
766	NP_415320.1	716
767	NP_415321.1	320
768	NP_415322.1	361
769	YP_010051178.1	19
770	NP_415323.1	86
771	NP_415324.1	88
772	NP_415325.4	225
773	NP_415326.1	760
774	NP_415327.2	86
775	NP_415328.4	308
776	NP_415329.4	741
777	NP_415330.1	240
778	NP_415331.1	219
779	NP_415332.1	248
780	NP_415333.1	167
781	NP_415334.1	295
782	YP_009518760.1	21
783	NP_415335.1	171
784	NP_415336.1	527
785	YP_009029995.1	42
786	NP_415338.1	155
787	NP_415339.1	372
788	NP_415340.1	306
789	NP_415341.1	530
790	NP_415342.1	421
791	NP_415343.1	271
792	NP_415344.1	810
793	NP_415345.2	299
794	NP_415346.4	220
795	NP_415347.1	249
796	NP_415348.1	411
797	NP_415349.1	321
798	NP_415350.2	623
799	NP_415351.1	512
800	NP_415352.1	306
801	NP_415353.1	303
802	NP_415354.1	782
803	NP_415355.1	442
804	NP_415356.1	441
805	NP_415357.1	127
806	NP_415358.1	371
807	NP_415359.4	208
808	NP_415360.1	400
809	NP_415361.1	252
810	NP_415362.1	198
811	NP_415363.1	410
812	NP_415364.1	94
813	NP_415365.4	271
814	NP_415366.1	402
815	NP_415367.1	178
816	NP_415368.1	561
817	NP_415369.1	125
818	NP_415370.1	85
819	NP_415371.1	95
820	NP_415372.1	240
821	NP_415373.1	300
822	NP_415374.1	158
823	NP_415375.1	370
824	NP_415376.4	377
825	NP_415377.1	317
826	NP_415378.1	281
827	NP_415379.1	162
828	NP_415380.1	375
829	NP_415381.1	243
830	NP_415382.1	222
831	NP_415383.1	238
832	NP_415384.1	243
833	NP_415385.1	242
834	NP_415386.1	171
835	NP_415387.1	107
836	NP_415388.1	276
837	NP_415389.2	337
838	NP_415390.4	476
839	NP_415391.1	333
840	NP_415392.1	572
841	NP_415393.1	322
842	NP_415394.4	550
843	NP_415395.2	299
844	NP_415396.1	231
845	NP_415397.1	552
846	NP_415398.1	330
847	NP_415399.4	371
848	NP_415400.1	648
849	NP_415401.1	74
850	YP_010051179.1	24
851	NP_415402.1	106
852	NP_415403.1	758
853	NP_415404.1	72
854	NP_415405.1	234
855	NP_415406.1	573
856	NP_415407.1	588
857	NP_415408.1	321
858	NP_415409.1	164
859	NP_415410.1	1329
860	NP_415411.2	203
861	NP_415412.1	447
862	NP_415413.1	430
863	NP_415414.4	814
864	NP_415415.1	205
865	NP_415416.1	287
866	NP_415417.1	208
867	NP_415418.1	382
868	NP_415419.2	476
869	NP_415420.1	302
870	NP_415421.1	196
871	NP_415422.1	246
872	NP_415423.1	760
873	NP_415424.1	285
874	NP_415425.4	586
875	NP_415426.1	230
876	NP_415427.1	362
877	NP_415428.1	427
878	NP_415429.2	254
879	NP_415430.1	227
880	NP_415431.1	557
881	NP_415432.1	94
882	NP_415433.4	754
883	NP_415434.1	582
884	NP_415435.1	328
885	NP_415436.1	410
886	NP_415437.1	60
887	NP_415438.1	248
888	NP_415439.1	297
889	NP_415440.1	259
890	NP_415441.1	261
891	NP_415442.1	440
892	NP_415443.2	234
893	NP_415444.1	1486
894	NP_415445.1	615
895	NP_415446.1	182
896	NP_415447.1	215
897	NP_415448.1	396
898	NP_415449.1	362
899	NP_415450.1	466
900	NP_415451.1	400
901	NP_415452.1	870
902	NP_415453.1	255
903	NP_415454.4	263
904	NP_415455.1	381
905	NP_415456.4	319
906	NP_415457.1	191
907	NP_415458.2	179
908	NP_415459.1	233
909	NP_415460.1	866
910	NP_415461.1	356
911	NP_415462.1	180
912	NP_415463.2	171
913	NP_415464.4	236
914	NP_415465.1	336
915	NP_415466.4	180
916	NP_415467.1	369
917	NP_415468.1	702
918	NP_415469.1	635
919	NP_415470.1	417
920	NP_415471.1	546
921	NP_415472.2	187
922	NP_415473.1	55
923	NP_415474.1	172
924	NP_415475.1	586
925	NP_415476.1	150
926	NP_415477.1	346
927	NP_415478.1	169
928	NP_415479.1	209
929	NP_415480.2	717
930	NP_415481.1	148
931	NP_415482.1	684
932	NP_415483.2	152
933	NP_415484.1	220
934	NP_415485.4	137
935	NP_415486.4	105
936	NP_415487.4	396
937	NP_415488.1	92
938	NP_415489.4	109
939	NP_415490.1	219
940	NP_415491.1	372
941	NP_415492.1	597
942	NP_415493.1	235
943	NP_415494.1	195
944	NP_415495.1	132
945	NP_415496.1	285
946	NP_415497.1	514
947	NP_415498.1	378
948	YP_001165313.1	30
949	NP_415500.1	432
950	NP_415501.1	726
951	NP_415502.4	148
952	NP_415503.1	379
953	NP_415504.1	698
954	NP_415505.1	248
955	NP_415506.1	214
956	NP_415507.2	101
957	YP_588445.1	91
958	NP_415508.1	167
959	NP_415509.1	70
960	NP_415510.1	70
961	YP_009518761.1	62
962	NP_415511.1	76
963	YP_588446.1	57
964	NP_415512.1	357
965	NP_415513.2	914
966	NP_415514.1	342
967	NP_415515.1	230
968	NP_415516.1	390
969	NP_415517.1	848
970	NP_415518.1	199
971	NP_415519.1	101
972	NP_415520.1	306
973	NP_415521.1	418
974	NP_415522.1	413
975	NP_415523.1	75
976	NP_415524.1	198
977	NP_415525.2	57
978	NP_415526.4	442
979	NP_415527.4	164
980	NP_415528.1	196
981	NP_415529.1	266
982	NP_415530.1	128
983	NP_415531.2	230
984	NP_415532.3	382
985	NP_415533.1	212
986	NP_415534.1	1320
987	YP_009518762.2	8
988	NP_415535.1	502
989	NP_415537.1	375
990	NP_415538.1	423
991	NP_415539.1	354
992	NP_415540.1	137
993	NP_415541.1	441
994	NP_415542.1	672
995	NP_415543.1	807
996	NP_415544.1	452
997	NP_415545.1	288
998	NP_415546.2	99
999	NP_415548.1	328
1000	NP_415551.2	312
1001	NP_415552.1	245
1002	NP_415553.1	184
1003	NP_415554.4	163
1004	NP_415555.1	277
1005	NP_415556.1	138
1006	NP_415557.1	129
1007	NP_415558.1	216
1008	NP_415559.1	151
1009	NP_415560.1	151
1010	NP_415561.1	110
1011	NP_415562.1	103
1012	NP_415563.1	177
1013	NP_415564.2	473
1014	NP_415565.1	385
1015	NP_415566.1	511
1016	NP_415567.1	847
1017	NP_415568.1	75
1018	NP_415569.4	124
1019	NP_415571.1	408
1020	NP_415572.1	306
1021	NP_415573.1	350
1022	NP_415574.1	191
1023	NP_415575.1	188
1024	NP_415576.1	46
1025	NP_415577.1	372
1026	NP_415578.3	84
1027	NP_415579.1	81
1028	NP_415580.1	348
1029	NP_415581.1	186
1030	NP_415582.1	215
1031	NP_415583.4	402
1032	NP_415584.1	194
1033	NP_415585.1	215
1034	NP_415586.1	307
1035	NP_415587.1	511
1036	NP_415588.1	138
1037	NP_415589.1	97
1038	NP_415590.1	219
1039	NP_415591.1	138
1040	NP_415592.1	134
1041	NP_415593.1	231
1042	NP_415594.1	402
1043	NP_415595.1	251
1044	NP_415596.1	260
1045	NP_415597.1	232
1046	NP_415598.3	365
1047	NP_415599.1	313
1048	NP_415600.1	547
1049	NP_415601.1	317
1050	NP_415602.1	1061
1051	NP_415603.2	106
1052	NP_415604.1	319
1053	NP_415605.2	194
1054	NP_415606.1	173
1055	NP_415607.1	57
1056	NP_415608.2	356
1057	NP_415609.1	317
1058	NP_415610.1	309
1059	NP_415611.1	244
1060	NP_415612.1	78
1061	NP_415613.1	413
1062	NP_415614.1	269
1063	NP_415615.1	340
1064	NP_415616.1	213
1065	NP_415617.1	334
1066	NP_415618.1	265
1067	NP_415619.1	477
1068	NP_415620.1	729
1069	NP_415621.3	119
1070	NP_415622.1	125
1071	NP_415623.1	213
1072	NP_415624.1	274
1073	NP_415625.1	341
1074	NP_415626.4	180
1075	NP_415627.1	434
1076	NP_415628.1	179
1077	NP_415629.4	210
1078	NP_415630.1	85
1079	NP_415631.1	320
1080	NP_415632.1	1148
1081	NP_415633.1	357
1082	NP_415634.1	399
1083	NP_415635.4	233
1084	NP_415636.1	414
1085	NP_415637.1	303
1086	NP_415638.3	279
1087	YP_010051180.1	242
1088	NP_415639.1	262
1089	NP_415640.2	153
1090	NP_415641.1	348
1091	NP_415642.1	264
1092	NP_415643.3	275
1093	NP_415644.1	378
1094	NP_415645.1	408
1095	NP_415646.4	373
1096	NP_415647.1	486
1097	NP_415648.1	223
1098	NP_415649.1	456
1099	NP_415650.1	213
1100	NP_415651.4	368
1101	NP_415652.1	153
1102	NP_415653.4	217
1103	NP_415654.1	416
1104	NP_415655.1	221
1105	NP_415656.1	234
1106	NP_415657.1	297
1107	NP_415658.1	375
1108	NP_415659.1	81
1109	YP_009518763.1	103
1110	NP_415661.2	113
1111	NP_415662.2	102
1112	NP_415663.1	224
1113	NP_415664.2	66
1114	NP_415665.2	185
1115	NP_415666.1	112
1116	YP_009518764.1	455
1117	NP_415668.1	60
1118	YP_009518765.1	157
1119	NP_415671.1	194
1120	NP_415672.1	209
1121	NP_415673.1	137
1122	NP_415674.1	200
1123	NP_415676.1	184
1124	NP_415677.1	277
1125	NP_415678.1	107
1126	YP_009518766.1	14
1127	YP_009518767.1	36
1128	NP_415679.1	134
1129	NP_415680.1	243
1130	NP_415681.1	403
1131	NP_415682.1	78
1132	NP_415683.1	90
1133	NP_415684.1	88
1134	NP_415685.1	82
1135	NP_415686.2	507
1136	YP_588447.1	72
1137	NP_415689.2	109
1138	NP_415690.5	114
1139	YP_001165314.1	57
1140	YP_001165315.1	61
1141	NP_415692.1	88
1142	NP_415693.1	270
1143	NP_415694.1	231
1144	NP_415695.1	122
1145	YP_010283909.1	19
1146	NP_415696.1	133
1147	NP_415697.5	108
1148	NP_415698.1	219
1149	NP_415699.5	153
1150	NP_415700.4	303
1151	NP_415701.1	139
1152	NP_415702.1	422
1153	NP_415703.3	176
1154	NP_415704.1	513
1155	NP_415705.1	239
1156	NP_415706.1	510
1157	NP_415707.1	432
1158	NP_415708.1	356
1159	YP_009518768.1	67
1160	NP_415709.2	578
1161	NP_415710.1	304
1162	NP_415711.2	203
1163	NP_415712.1	244
1164	NP_415713.1	84
1165	NP_415714.1	146
1166	NP_415715.1	565
1167	NP_415716.4	472
1168	NP_415717.1	210
1169	NP_415718.6	356
1170	NP_415719.2	639
1171	NP_415720.1	955
1172	NP_415721.1	363
1173	NP_415722.1	194
1174	NP_415723.1	92
1175	NP_415724.2	559
1176	NP_415725.1	315
1177	NP_415726.1	283
1178	NP_415727.1	207
1179	NP_415728.1	418
1180	NP_415729.1	360
1181	NP_415730.1	277
1182	NP_415731.1	130
1183	NP_415732.1	269
1184	NP_415733.1	284
1185	YP_025297.1	35
1186	YP_025298.1	35
1187	YP_025299.1	35
1188	NP_415734.1	366
1189	NP_415735.1	76
1190	NP_415736.2	231
1191	NP_415737.1	117
1192	NP_415738.2	464
1193	NP_415739.1	216
1194	NP_415740.1	598
1195	NP_415741.1	463
1196	NP_415742.1	1247
1197	NP_415743.1	512
1198	NP_415744.1	236
1199	NP_415745.1	225
1200	YP_009518769.1	91
1201	NP_415747.2	29
1202	NP_415748.1	280
1203	NP_415749.1	152
1204	NP_415750.2	301
1205	NP_415751.1	337
1206	NP_415752.1	302
1207	NP_415753.1	137
1208	NP_415754.1	205
1209	NP_415757.1	891
1210	YP_010051181.1	17
1211	NP_415758.1	215
1212	NP_417962.2	326
1213	NP_415759.1	543
1214	NP_415760.1	306
1215	NP_415761.1	302
1216	YP_025300.1	337
1217	NP_415763.1	334
1218	NP_415764.4	109
1219	NP_415765.1	486
1220	YP_001165316.1	57
1221	NP_415766.1	417
1222	NP_415767.2	98
1223	NP_415768.1	239
1224	NP_415769.1	132
1225	NP_415770.1	179
1226	NP_415771.1	247
1227	NP_415772.1	212
1228	NP_415773.1	168
1229	NP_415774.1	166
1230	NP_415775.4	59
1231	NP_415776.1	268
1232	NP_415777.1	397
1233	NP_415778.3	453
1234	NP_415779.1	531
1235	NP_415780.1	520
1236	NP_415781.1	14
1237	NP_415782.1	293
1238	NP_415783.6	206
1239	NP_415784.1	631
1240	NP_415785.1	291
1241	NP_415786.1	196
1242	NP_415787.1	252
1243	NP_415788.1	349
1244	NP_415789.1	83
1245	NP_415790.1	865
1246	NP_415791.1	324
1247	YP_588449.3	46
1248	YP_588450.2	55
1249	YP_009518771.1	31
1250	NP_415792.1	891
1251	NP_415793.1	196
1252	NP_415794.1	254
1253	NP_415795.1	102
1254	NP_415796.1	389
1255	NP_415797.1	245
1256	NP_415798.2	108
1257	NP_415799.1	72
1258	NP_415800.1	249
1259	YP_001165317.1	57
1260	YP_010051182.1	42
1261	NP_415801.1	661
1262	YP_002791239.1	34
1263	NP_415802.1	644
1264	NP_415803.2	375
1265	NP_415804.1	262
1266	NP_415805.1	117
1267	NP_415806.1	268
1268	NP_415807.1	330
1269	NP_415808.1	296
1270	NP_415809.1	321
1271	NP_415810.1	547
1272	NP_415811.1	81
1273	NP_415812.4	461
1274	YP_009518772.1	54
1275	NP_415813.4	472
1276	NP_415814.4	254
1277	NP_415815.1	185
1278	NP_415816.1	495
1279	NP_415817.1	426
1280	NP_415818.1	421
1281	NP_415819.4	325
1282	NP_415820.1	222
1283	NP_415821.1	74
1284	NP_415822.1	119
1285	NP_415823.1	73
1286	NP_415824.1	104
1287	NP_415825.4	559
1288	NP_415826.1	430
1289	NP_415827.1	293
1290	NP_415828.1	280
1291	NP_415829.1	350
1292	NP_415830.2	262
1293	NP_415831.1	351
1294	NP_415832.1	755
1295	NP_415833.1	219
1296	NP_415835.1	301
1297	NP_415836.1	332
1298	NP_415837.1	465
1299	NP_415838.1	353
1300	NP_415839.1	513
1301	NP_415840.1	168
1302	NP_415841.4	321
1303	NP_415842.2	242
1304	YP_009518773.1	60
1305	YP_009518774.1	21
1306	NP_415843.2	306
1307	NP_415844.1	299
1308	NP_415845.2	537
1309	NP_415846.1	343
1310	YP_009518770.2	326
1311	NP_415848.1	85
1312	NP_415849.1	316
1313	NP_415850.1	250
1314	NP_415851.1	171
1315	NP_415852.2	508
1316	NP_415853.1	481
1317	NP_415854.4	436
1318	NP_415855.1	302
1319	NP_415856.1	187
1320	NP_415857.2	410
1321	YP_010051183.1	15
1322	NP_415858.1	327
1323	YP_009518775.1	57
1324	NP_415859.1	457
1325	NP_415860.1	311
1326	NP_415861.1	411
1327	NP_415862.4	71
1328	NP_415863.1	69
1329	NP_415864.1	64
1330	NP_415865.1	269
1331	NP_415866.1	866
1332	NP_415867.1	91
1333	YP_588451.1	56
1334	NP_415869.2	73
1335	NP_415870.4	162
1336	NP_415872.2	51
1337	NP_415873.2	44
1338	NP_415874.1	158
1339	NP_415875.1	98
1340	NP_415876.1	140
1341	NP_415877.1	285
1342	NP_415878.1	248
1343	YP_009518776.1	186
1344	YP_588452.1	61
1345	NP_415881.1	485
1346	NP_415883.1	87
1347	YP_009518777.1	119
1348	YP_009518778.1	342
1349	NP_415888.1	326
1350	NP_415890.2	1120
1351	NP_415891.1	191
1352	NP_415892.1	196
1353	NP_415893.2	77
1354	YP_009518779.1	37
1355	NP_415894.4	144
1356	NP_415895.1	377
1357	NP_415896.1	1174
1358	YP_588453.1	88
1359	NP_415897.1	140
1360	NP_415898.1	329
1361	NP_415899.1	879
1362	NP_415900.1	61
1363	NP_415901.2	108
1364	NP_415902.1	301
1365	NP_415903.4	499
1366	NP_415904.3	757
1367	NP_415905.1	681
1368	NP_415906.1	309
1369	NP_415907.1	95
1370	NP_415908.1	248
1371	NP_415909.4	165
1372	NP_415910.1	356
1373	NP_415911.1	255
1374	NP_415912.1	262
1375	NP_415913.1	475
1376	NP_415914.1	140
1377	NP_415915.1	401
1378	NP_415916.1	437
1379	NP_415917.1	316
1380	NP_415918.1	196
1381	YP_002791240.1	21
1382	NP_415920.1	301
1383	NP_415921.2	121
1384	NP_415922.1	383
1385	NP_415924.1	286
1386	NP_415925.2	768
1387	NP_415926.4	201
1388	NP_415927.1	298
1389	NP_415928.1	585
1390	NP_415929.1	430
1391	NP_415930.1	201
1392	NP_415931.4	1300
1393	NP_415932.1	266
1394	NP_415933.1	479
1395	NP_415935.2	176
1396	NP_415936.1	57
1397	YP_010051184.1	22
1398	YP_025301.1	49
1399	NP_415937.1	55
1400	NP_415938.1	546
1401	NP_415939.2	307
1402	NP_415940.1	447
1403	NP_415941.5	551
1404	NP_415943.4	74
1405	NP_415944.1	179
1406	NP_415945.1	326
1407	NP_415946.1	330
1408	NP_415947.1	197
1409	NP_415948.1	222
1410	NP_415949.3	402
1411	NP_415950.4	391
1412	NP_415951.1	178
1413	NP_415952.2	653
1414	NP_415953.1	76
1415	NP_415954.2	58
1416	NP_415955.2	138
1417	NP_415956.1	468
1418	NP_415957.1	381
1419	NP_415958.1	337
1420	NP_415959.1	313
1421	NP_415960.1	264
1422	NP_415961.1	474
1423	YP_001165318.1	31
1424	NP_415962.2	57
1425	NP_415963.1	77
1426	NP_415964.1	149
1427	NP_415965.1	172
1428	NP_415966.6	345
1429	NP_415967.2	221
1430	NP_415968.1	700
1431	NP_415969.1	353
1432	NP_415970.4	499
1433	NP_415971.1	205
1434	NP_415972.1	70
1435	NP_415974.1	160
1436	YP_009518780.1	61
1437	NP_415977.1	378
1438	NP_415978.1	77
1439	NP_415979.2	189
1440	NP_415980.1	281
1441	NP_415981.1	297
1442	NP_415982.1	226
1443	NP_415983.1	231
1444	NP_415984.1	514
1445	NP_415985.1	1246
1446	NP_415986.1	462
1447	YP_009518781.1	318
1448	YP_009518782.1	96
1449	NP_415990.5	293
1450	NP_415991.1	1015
1451	NP_415992.1	294
1452	NP_415993.1	217
1453	NP_415994.4	94
1454	NP_415995.4	336
1455	NP_415996.2	565
1456	NP_415997.1	45
1457	NP_415998.4	71
1458	NP_415999.1	143
1459	NP_416000.1	308
1460	NP_416001.1	328
1461	NP_416002.1	298
1462	NP_416003.1	340
1463	NP_416004.1	516
1464	NP_416005.1	193
1465	NP_416006.4	799
1466	NP_416007.3	460
1467	YP_009518783.1	13
1468	NP_416008.1	439
1469	NP_416009.1	511
1470	NP_416010.1	466
1471	NP_416011.1	931
1472	NP_416012.1	790
1473	NP_416013.1	561
1474	YP_009518784.1	40
1475	NP_416014.4	385
1476	NP_416015.2	560
1477	NP_416016.1	253
1478	NP_416017.1	65
1479	NP_416018.1	759
1480	NP_416019.1	304
1481	NP_416020.1	167
1482	NP_416021.1	176
1483	YP_009518785.1	382
1484	NP_416024.1	440
1485	NP_416025.1	88
1486	NP_416028.3	530
1487	NP_416029.1	317
1488	NP_416030.1	511
1489	NP_416031.1	342
1490	NP_416032.1	330
1491	NP_416033.1	340
1492	NP_416034.1	291
1493	NP_416035.1	96
1494	NP_416036.1	252
1495	NP_416037.2	304
1496	YP_025302.1	483
1497	NP_416039.1	315
1498	NP_416040.1	119
1499	NP_416041.1	308
1500	NP_416042.2	462
1501	NP_416043.1	293
1502	NP_416044.1	371
1503	NP_416045.1	396
1504	NP_416046.1	221
1505	NP_416047.4	144
1506	NP_416048.2	127
1507	NP_416049.1	72
1508	NP_416050.4	299
1509	NP_416051.1	395
1510	YP_001165319.1	31
1511	YP_010051185.1	34
1512	NP_416052.1	296
1513	NP_416054.1	130
1514	NP_416055.1	172
1515	NP_416056.1	681
1516	NP_416057.1	248
1517	NP_416058.1	228
1518	NP_416059.1	67
1519	NP_416060.1	486
1520	YP_009518786.1	427
1521	YP_009518787.1	37
1522	NP_416062.2	77
1523	NP_416063.1	196
1524	NP_416064.1	191
1525	NP_416065.1	320
1526	YP_009518788.1	189
1527	YP_588454.1	77
1528	NP_416067.2	136
1529	NP_416068.2	57
1530	NP_416069.2	51
1531	YP_009518789.1	21
1532	YP_009518790.1	62
1533	NP_416070.1	70
1534	YP_002791241.1	84
1535	NP_416071.1	165
1536	NP_416072.1	177
1537	NP_416073.1	103
1538	NP_416074.4	71
1539	YP_010051186.1	56
1540	NP_416075.1	71
1541	NP_416076.1	70
1542	YP_009518791.1	29
1543	NP_416077.4	250
1544	NP_416078.4	349
1545	NP_416079.1	83
1546	NP_416080.1	51
1547	NP_416081.1	95
1548	NP_416082.1	79
1549	NP_416083.1	101
1550	NP_416084.1	110
1551	YP_009518792.1	49
1552	YP_009518793.1	96
1553	NP_416087.1	76
1554	NP_416088.1	135
1555	NP_416089.1	51
1556	NP_416090.2	42
1557	NP_416091.1	72
1558	NP_416092.1	62
1559	NP_416093.1	63
1560	YP_009518794.1	36
1561	NP_416097.1	339
1562	NP_416098.1	404
1563	NP_416099.1	108
1564	NP_416100.1	113
1565	NP_416101.1	186
1566	NP_416102.2	236
1567	NP_416103.2	101
1568	NP_416104.1	808
1569	NP_416105.4	807
1570	NP_416106.1	205
1571	NP_416107.1	284
1572	NP_416108.2	204
1573	NP_416109.2	418
1574	NP_416110.4	231
1575	NP_416111.1	406
1576	NP_416112.1	297
1577	NP_416113.1	417
1578	NP_416114.2	102
1579	YP_001165320.1	27
1580	NP_416115.1	273
1581	NP_416116.1	109
1582	NP_416117.1	121
1583	YP_010051187.1	33
1584	NP_416118.1	344
1585	NP_416119.1	462
1586	NP_416120.1	510
1587	NP_416121.1	314
1588	NP_416122.1	460
1589	NP_416123.1	240
1590	NP_416124.1	111
1591	NP_416125.2	239
1592	NP_416126.1	433
1593	NP_416127.1	309
1594	NP_416128.1	467
1595	NP_416129.1	548
1596	NP_416130.3	391
1597	NP_416131.1	502
1598	NP_416132.2	421
1599	NP_416133.1	457
1600	NP_416134.1	603
1601	NP_416135.1	196
1602	NP_416136.1	255
1603	NP_416137.1	342
1604	NP_416138.1	530
1605	NP_416139.1	390
1606	NP_416140.1	333
1607	NP_416141.4	346
1608	YP_025303.1	41
1609	NP_416142.1	71
1610	NP_416143.2	146
1611	NP_416144.1	193
1612	NP_416145.1	192
1613	NP_416146.1	740
1614	NP_416147.1	352
1615	NP_416148.1	206
1616	NP_416149.1	231
1617	NP_416150.1	211
1618	NP_416151.1	500
1619	NP_416152.1	201
1620	NP_416153.1	287
1621	NP_416154.1	424
1622	NP_416155.1	218
1623	NP_416156.4	109
1624	NP_416157.1	369
1625	YP_025304.1	155
1626	NP_416159.2	144
1627	NP_416160.1	78
1628	NP_416161.4	285
1629	NP_416162.1	670
1630	NP_416163.1	173
1631	YP_025305.1	298
1632	NP_416165.2	79
1633	NP_416166.3	199
1634	NP_416167.1	365
1635	NP_416168.1	135
1636	NP_416169.1	215
1637	NP_416170.1	1538
1638	NP_416171.1	115
1639	NP_416172.1	271
1640	NP_416173.1	193
1641	NP_416174.1	389
1642	YP_001165321.1	29
1643	NP_416175.1	341
1644	NP_416176.1	310
1645	YP_025306.1	403
1646	NP_416178.1	382
1647	NP_416179.1	213
1648	YP_025307.1	457
1649	NP_416181.1	418
1650	NP_416182.1	101
1651	NP_416183.1	534
1652	NP_416184.1	270
1653	NP_416185.1	261
1654	NP_416186.4	222
1655	NP_416187.1	215
1656	NP_416188.1	700
1657	NP_416189.1	208
1658	NP_416190.1	69
1659	YP_010283910.1	64
1660	NP_416191.1	470
1661	NP_416192.1	78
1662	NP_416193.1	334
1663	NP_416194.1	138
1664	NP_416195.1	406
1665	NP_416196.1	423
1666	NP_416197.1	248
1667	NP_416198.2	495
1668	NP_416199.1	122
1669	NP_416200.2	62
1670	NP_416201.1	136
1671	NP_416202.1	1018
1672	NP_416203.1	370
1673	NP_416204.2	118
1674	NP_416205.1	404
1675	NP_416206.6	421
1676	NP_416207.1	288
1677	NP_416208.1	252
1678	NP_416209.1	531
1679	NP_416210.4	383
1680	NP_416211.1	303
1681	NP_416212.1	254
1682	NP_416213.1	312
1683	NP_416214.1	429
1684	NP_416215.1	97
1685	NP_416216.5	566
1686	NP_416217.1	792
1687	NP_416218.1	277
1688	NP_416219.1	348
1689	NP_416220.1	63
1690	NP_416221.1	478
1691	NP_416222.1	237
1692	NP_416223.1	154
1693	NP_416224.1	249
1694	NP_416225.1	183
1695	NP_416226.1	326
1696	NP_416227.1	99
1697	NP_416228.1	795
1698	NP_416229.1	327
1699	NP_416230.1	14
1700	NP_416231.1	118
1701	NP_416232.3	65
1702	NP_416233.1	180
1703	NP_416234.1	642
1704	YP_588455.2	35
1705	NP_416236.1	252
1706	NP_416237.3	309
1707	NP_416238.1	96
1708	NP_416239.1	286
1709	NP_416240.1	178
1710	NP_416241.1	222
1711	NP_416242.6	196
1712	NP_416243.1	463
1713	NP_416244.2	267
1714	NP_416245.2	80
1715	YP_025308.1	753
1716	NP_416247.1	249
1717	NP_416248.1	450
1718	NP_416249.1	280
1719	NP_416250.1	116
1720	NP_416251.1	452
1721	NP_416252.1	106
1722	NP_416253.1	112
1723	NP_416254.1	275
1724	NP_416255.1	295
1725	NP_416256.2	191
1726	NP_416257.1	161
1727	NP_416258.1	322
1728	NP_416259.1	447
1729	NP_416260.1	492
1730	NP_416261.1	344
1731	NP_416262.1	406
1732	NP_416263.1	268
1733	NP_416264.4	236
1734	NP_416265.4	225
1735	NP_416266.1	235
1736	NP_416267.1	182
1737	NP_416268.2	388
1738	NP_416269.4	511
1739	NP_416270.1	217
1740	NP_416271.4	435
1741	NP_416272.2	206
1742	NP_416273.1	135
1743	NP_416274.1	90
1744	NP_416275.1	447
1745	NP_416276.4	346
1746	NP_416277.1	653
1747	NP_416278.1	347
1748	NP_416279.1	183
1749	NP_416280.1	618
1750	NP_416281.1	338
1751	NP_416282.4	213
1752	NP_416283.1	452
1753	NP_416284.1	252
1754	NP_416285.1	326
1755	NP_416286.4	315
1756	NP_416287.1	278
1757	NP_416288.1	347
1758	NP_416289.1	459
1759	NP_416290.1	358
1760	NP_416291.4	90
1761	NP_416292.1	137
1762	NP_416293.1	331
1763	NP_416294.4	294
1764	NP_416295.1	284
1765	NP_416296.1	248
1766	NP_416297.1	644
1767	NP_416298.1	427
1768	NP_416299.1	491
1769	NP_416300.2	496
1770	NP_416301.1	167
1771	NP_416302.2	34
1772	NP_416303.1	148
1773	NP_416304.1	273
1774	NP_416305.1	393
1775	NP_416306.2	115
1776	NP_416307.1	84
1777	NP_416308.4	341
1778	YP_002791242.1	32
1779	YP_002791243.1	24
1780	NP_416309.1	82
1781	NP_416310.1	60
1782	NP_416311.1	119
1783	NP_416312.1	212
1784	NP_416313.4	307
1785	NP_416314.1	361
1786	NP_416315.1	481
1787	NP_416316.1	374
1788	NP_416317.1	321
1789	NP_416318.1	375
1790	NP_416319.1	561
1791	NP_416320.1	193
1792	NP_416321.1	231
1793	NP_416322.1	636
1794	NP_416323.4	114
1795	NP_416324.2	99
1796	NP_416325.1	59
1797	NP_416326.1	453
1798	NP_416327.1	192
1799	NP_416328.1	454
1800	NP_416329.4	532
1801	NP_416330.1	518
1802	YP_009518795.2	52
1803	NP_416331.1	323
1804	NP_416332.1	266
1805	NP_416333.4	283
1806	NP_416334.1	152
1807	NP_416335.4	188
1808	NP_416336.1	269
1809	NP_416337.1	69
1810	NP_416338.1	47
1811	NP_416339.1	95
1812	NP_416340.1	47
1813	YP_588456.1	79
1814	NP_416341.1	263
1815	NP_416342.4	457
1816	NP_416343.1	293
1817	NP_416344.1	682
1818	YP_026161.1	232
1819	NP_416346.4	165
1820	NP_416347.1	427
1821	NP_416348.2	877
1822	NP_416349.2	479
1823	NP_416350.4	78
1824	NP_416351.2	63
1825	NP_416352.4	218
1826	NP_416353.1	113
1827	NP_416354.1	290
1828	NP_416355.1	124
1829	NP_416356.1	76
1830	NP_416357.1	218
1831	NP_416358.1	220
1832	NP_416359.1	686
1833	NP_416360.1	219
1834	NP_416361.2	118
1835	NP_416362.1	96
1836	NP_416363.1	392
1837	NP_416364.1	213
1838	NP_416365.1	603
1839	NP_416366.1	491
1840	NP_416367.1	289
1841	NP_416368.1	480
1842	NP_416369.1	323
1843	NP_416370.2	440
1844	NP_416371.4	310
1845	NP_416372.1	251
1846	NP_416373.1	261
1847	NP_416374.1	336
1848	NP_416375.1	203
1849	YP_002791244.1	21
1850	NP_416376.2	200
1851	NP_416377.1	173
1852	NP_416378.1	246
1853	NP_416379.1	150
1854	NP_416380.1	590
1855	NP_416381.2	188
1856	NP_416382.1	272
1857	NP_416383.4	131
1858	NP_416384.1	247
1859	NP_416385.1	323
1860	NP_416386.4	809
1861	NP_416387.1	366
1862	YP_025309.2	248
1863	NP_416389.4	188
1864	NP_416390.1	577
1865	YP_010051188.1	14
1866	NP_416391.4	162
1867	NP_416392.1	130
1868	NP_416393.1	692
1869	NP_416394.1	382
1870	NP_416395.1	214
1871	NP_416396.1	129
1872	NP_416397.1	349
1873	NP_416398.1	286
1874	NP_416399.1	533
1875	NP_416400.1	553
1876	NP_416401.1	167
1877	NP_416402.2	557
1878	YP_010283911.1	654
1879	NP_416403.1	308
1880	NP_416404.1	295
1881	NP_416405.1	192
1882	NP_416406.4	116
1883	NP_416407.1	167
1884	NP_416408.1	91
1885	NP_416409.1	142
1886	NP_416410.1	474
1887	NP_416411.1	266
1888	YP_026162.2	328
1889	NP_416413.1	504
1890	NP_416414.1	329
1891	NP_416415.1	167
1892	NP_416416.2	83
1893	YP_002791245.1	28
1894	NP_416417.1	107
1895	NP_416418.1	165
1896	NP_416419.1	79
1897	NP_416420.1	403
1898	NP_416421.1	221
1899	NP_416422.1	182
1900	NP_416423.4	610
1901	NP_416424.1	218
1902	YP_009518796.1	58
1903	NP_416425.1	74
1904	NP_416426.1	240
1905	NP_416427.1	250
1906	NP_416428.1	222
1907	NP_416429.4	328
1908	NP_416430.1	266
1909	NP_416431.2	183
1910	NP_416432.3	239
1911	NP_416433.1	498
1912	NP_416434.1	468
1913	NP_416435.1	136
1914	NP_416436.1	121
1915	NP_416437.1	495
1916	NP_416438.1	137
1917	NP_416439.1	401
1918	NP_416440.1	77
1919	YP_025310.1	222
1920	NP_416442.1	159
1921	NP_416447.1	104
1922	NP_416448.1	552
1923	NP_416449.1	331
1924	NP_416450.2	228
1925	NP_416451.1	457
1926	NP_416452.1	147
1927	NP_416453.1	375
1928	NP_416454.1	154
1929	NP_416455.1	334
1930	NP_416456.1	137
1931	NP_416457.4	121
1932	NP_416458.1	245
1933	NP_416459.1	89
1934	NP_416460.1	261
1935	NP_416461.1	207
1936	NP_416462.1	62
1937	NP_416463.4	75
1938	NP_416464.1	271
1939	NP_416465.2	564
1940	NP_416466.1	60
1941	NP_416467.1	305
1942	NP_416468.1	306
1943	NP_416469.1	156
1944	NP_416470.1	472
1945	NP_416471.1	231
1946	NP_416472.3	100
1947	NP_416476.1	283
1948	NP_416477.1	452
1949	NP_416478.2	223
1950	NP_416479.1	137
1951	NP_416480.1	334
1952	NP_416481.1	211
1953	NP_416482.1	216
1954	NP_416483.4	176
1955	NP_416484.2	265
1956	NP_416488.1	438
1957	NP_416489.1	484
1958	NP_416490.1	238
1959	NP_416491.3	547
1960	NP_416492.1	316
1961	NP_416493.1	305
1962	NP_416494.1	310
1963	NP_416495.1	359
1964	NP_416496.1	247
1965	NP_416497.1	181
1966	NP_416498.2	326
1967	NP_416500.1	301
1968	YP_026163.2	121
1969	YP_026164.1	1039
1970	NP_416505.2	510
1971	NP_416506.1	148
1972	NP_416507.1	73
1973	NP_416508.1	122
1974	NP_416509.1	124
1975	YP_009518797.1	64
1976	YP_009518798.1	118
1977	NP_416511.4	109
1978	YP_010283912.1	16
1979	NP_416512.1	352
1980	NP_416513.1	157
1981	NP_416514.4	388
1982	NP_416515.1	475
1983	NP_416516.1	75
1984	NP_416517.1	352
1985	NP_416518.2	452
1986	YP_002791246.1	20
1987	NP_416519.4	309
1988	NP_416520.1	274
1989	YP_588458.1	84
1990	NP_416521.2	83
1991	NP_416522.1	16
1992	NP_416523.1	299
1993	NP_416524.1	434
1994	NP_416525.1	356
1995	NP_416526.4	355
1996	NP_416527.1	196
1997	NP_416528.2	245
1998	NP_416529.1	258
1999	NP_416530.1	203
2000	NP_416531.4	326
2001	NP_416532.1	388
2002	NP_416533.1	468
2003	NP_415847.2	326
2004	NP_416536.1	372
2005	NP_416537.1	196
2006	NP_416538.1	330
2007	NP_416539.1	388
2008	NP_416540.1	367
2009	NP_416541.1	415
2010	NP_416542.1	185
2011	NP_416543.1	293
2012	NP_416544.1	299
2013	NP_416545.1	361
2014	NP_416546.1	297
2015	NP_416547.1	464
2016	NP_416548.1	406
2017	NP_416549.1	426
2018	NP_416550.1	492
2019	NP_416551.1	464
2020	NP_416552.1	456
2021	NP_416553.1	478
2022	NP_416554.1	407
2023	NP_416555.2	159
2024	NP_416556.1	321
2025	NP_416557.1	373
2026	NP_416558.1	182
2027	NP_416559.1	248
2028	NP_416560.1	405
2029	NP_416561.1	405
2030	NP_416562.1	162
2031	NP_416563.1	279
2032	NP_416564.4	720
2033	NP_416565.1	147
2034	NP_416566.1	379
2035	NP_416567.4	527
2036	NP_416568.1	617
2037	NP_416569.1	193
2038	NP_416570.2	213
2039	NP_416571.1	1105
2040	NP_416572.1	282
2041	NP_416573.4	450
2042	NP_416574.1	648
2043	NP_416575.1	153
2044	NP_416576.1	253
2045	NP_416577.1	219
2046	YP_002791247.1	19
2047	YP_002791248.1	18
2048	NP_416578.2	415
2049	NP_416579.1	1040
2050	NP_416580.1	1025
2051	NP_416581.1	471
2052	NP_416582.1	467
2053	NP_416583.1	240
2054	NP_416584.4	110
2055	NP_416585.1	453
2056	NP_416586.1	72
2057	NP_416589.2	105
2058	NP_416590.1	299
2059	NP_416592.2	99
2060	NP_416593.1	288
2061	NP_416594.1	346
2062	NP_416596.1	94
2063	NP_416597.1	150
2064	NP_416598.1	420
2065	NP_416599.2	284
2066	NP_416600.4	350
2067	NP_416601.1	425
2068	NP_416602.1	334
2069	NP_416603.1	321
2070	NP_416604.1	248
2071	NP_416605.2	272
2072	NP_416606.1	266
2073	NP_416607.1	262
2074	NP_416608.1	90
2075	NP_416609.1	274
2076	NP_416610.4	112
2077	NP_416611.1	344
2078	NP_416612.1	826
2079	NP_416613.1	239
2080	NP_416614.1	180
2081	NP_416615.1	93
2082	NP_416616.4	369
2083	NP_416617.1	677
2084	YP_009518799.1	274
2085	NP_416621.1	1210
2086	YP_588459.1	105
2087	NP_416623.2	362
2088	NP_416624.1	759
2089	NP_416625.1	378
2090	YP_009518800.1	614
2091	NP_416627.2	153
2092	NP_416628.1	156
2093	NP_416629.4	239
2094	NP_416630.1	561
2095	NP_416631.1	243
2096	YP_588460.1	35
2097	NP_416632.1	243
2098	NP_416633.1	308
2099	NP_416634.1	385
2100	NP_416635.1	305
2101	NP_416636.1	765
2102	NP_416637.1	571
2103	NP_416638.4	310
2104	NP_416639.2	195
2105	NP_416640.2	192
2106	NP_416641.1	253
2107	YP_002791249.1	27
2108	NP_416645.1	315
2109	NP_416646.1	132
2110	NP_416647.1	231
2111	NP_416648.1	294
2112	NP_416649.1	239
2113	NP_416650.1	79
2114	NP_416651.1	412
2115	NP_416652.4	411
2116	NP_416653.1	336
2117	NP_416654.1	506
2118	NP_416655.1	332
2119	NP_416656.1	346
2120	NP_416657.1	385
2121	NP_416658.1	222
2122	NP_416659.1	278
2123	NP_416660.1	663
2124	NP_416661.1	489
2125	NP_416662.1	293
2126	NP_416663.1	349
2127	NP_416664.1	285
2128	NP_416665.1	362
2129	NP_416666.1	416
2130	NP_416667.1	313
2131	NP_416668.3	219
2132	NP_416669.1	416
2133	NP_416670.1	312
2134	NP_416671.1	313
2135	NP_416672.1	563
2136	NP_416673.1	312
2137	NP_416674.1	376
2138	NP_416675.1	393
2139	YP_588461.1	84
2140	NP_416676.4	190
2141	NP_416677.1	488
2142	NP_416678.1	328
2143	NP_416679.4	237
2144	NP_416680.1	188
2145	NP_416681.1	518
2146	NP_416682.4	604
2147	NP_416683.1	364
2148	NP_416684.1	341
2149	NP_416685.1	529
2150	NP_416686.1	114
2151	NP_416687.1	396
2152	NP_416688.1	231
2153	NP_416689.1	586
2154	NP_416690.1	94
2155	NP_416691.1	335
2156	NP_416692.1	75
2157	NP_416693.1	586
2158	NP_416535.2	326
2159	NP_416697.1	215
2160	NP_416698.1	350
2161	NP_416699.1	185
2162	NP_416700.1	647
2163	NP_416701.1	159
2164	NP_416702.1	69
2165	NP_416703.1	245
2166	NP_416704.1	220
2167	NP_416705.2	207
2168	NP_416706.1	200
2169	NP_416707.4	149
2170	NP_416708.1	287
2171	NP_416709.1	231
2172	NP_416710.1	828
2173	NP_416711.1	87
2174	NP_416712.1	164
2175	YP_009518801.1	54
2176	NP_416713.1	162
2177	NP_416714.1	548
2178	NP_416715.1	547
2179	NP_416716.1	216
2180	NP_416717.1	354
2181	NP_416718.1	351
2182	NP_416719.1	367
2183	NP_416720.1	890
2184	NP_416721.1	216
2185	NP_416722.2	949
2186	NP_416723.1	608
2187	NP_416724.1	461
2188	NP_416725.1	220
2189	NP_416726.1	216
2190	NP_416727.1	440
2191	NP_416728.1	394
2192	NP_416729.1	258
2193	NP_416730.1	549
2194	NP_416732.4	207
2195	NP_416733.4	562
2196	NP_416734.1	875
2197	NP_416735.1	240
2198	NP_416736.1	1250
2199	YP_009518802.1	47
2200	NP_416737.1	761
2201	YP_010051189.1	11
2202	NP_416738.1	376
2203	NP_416739.1	84
2204	NP_416740.1	216
2205	NP_416742.1	358
2206	NP_416743.1	452
2207	NP_416744.1	542
2208	NP_416745.1	419
2209	NP_416746.1	396
2210	NP_416747.1	299
2211	NP_416748.1	267
2212	NP_416749.4	429
2213	NP_416750.2	401
2214	NP_416751.1	260
2215	NP_416752.1	400
2216	NP_416753.4	180
2217	NP_416754.1	141
2218	NP_416755.1	200
2219	NP_416756.6	385
2220	NP_416757.1	322
2221	NP_416758.1	660
2222	NP_416759.1	296
2223	NP_416760.1	550
2224	YP_588462.1	111
2225	NP_416761.4	128
2226	NP_416762.2	88
2227	NP_416763.1	451
2228	NP_416764.1	320
2229	NP_416765.1	285
2230	NP_416766.1	252
2231	NP_416767.1	556
2232	NP_416768.4	431
2233	NP_416769.1	101
2234	NP_416770.1	153
2235	NP_416771.4	305
2236	NP_416772.1	403
2237	NP_416773.1	575
2238	NP_416774.2	323
2239	NP_416775.1	167
2240	NP_416776.1	238
2241	NP_416777.2	140
2242	NP_416778.2	282
2243	NP_416779.2	485
2244	NP_416780.1	509
2245	NP_416781.1	613
2246	NP_416782.1	100
2247	NP_416783.1	184
2248	NP_416784.1	180
2249	NP_416785.1	325
2250	NP_416786.4	908
2251	NP_416787.1	445
2252	NP_416788.1	166
2253	NP_416789.2	596
2254	NP_416790.1	220
2255	NP_416791.3	147
2256	NP_416792.1	312
2257	NP_416793.1	405
2258	NP_416794.1	199
2259	NP_416795.1	610
2260	NP_416796.2	216
2261	NP_416797.2	164
2262	NP_416798.1	151
2263	NP_416799.1	400
2264	NP_416800.1	714
2265	NP_416801.2	506
2266	NP_416802.1	180
2267	NP_416803.3	184
2268	NP_416804.1	214
2269	NP_416805.1	215
2270	NP_416806.1	120
2271	NP_416807.1	297
2272	NP_416808.1	296
2273	NP_416809.1	257
2274	NP_416810.1	238
2275	NP_416811.1	228
2276	NP_416812.1	260
2277	NP_416813.1	260
2278	NP_416814.1	189
2279	NP_416815.1	505
2280	NP_416816.1	162
2281	NP_416817.2	220
2282	NP_416818.1	422
2283	NP_416819.1	304
2284	NP_416820.1	219
2285	NP_416821.1	270
2286	NP_416822.1	337
2287	NP_416823.1	378
2288	NP_416824.1	331
2289	NP_416825.1	392
2290	NP_416826.1	406
2291	NP_416827.4	668
2292	NP_416828.1	92
2293	NP_416829.1	182
2294	NP_416830.1	269
2295	NP_416831.1	274
2296	NP_416832.1	361
2297	NP_416833.4	310
2298	NP_416834.1	183
2299	NP_416835.2	273
2300	NP_416836.1	179
2301	NP_416837.1	162
2302	NP_416838.1	170
2303	NP_416839.1	250
2304	NP_416841.1	187
2305	NP_416842.1	161
2306	NP_416843.1	714
2307	NP_416844.1	436
2308	NP_416845.2	94
2309	NP_416846.2	446
2310	NP_416847.1	352
2311	NP_416848.1	251
2312	NP_416849.1	310
2313	NP_416850.1	385
2314	NP_416851.1	120
2315	NP_416852.1	306
2316	NP_416853.1	443
2317	YP_010051190.1	48
2318	NP_416855.1	146
2319	YP_009518803.1	91
2320	NP_416858.1	164
2321	YP_009518804.1	122
2322	NP_416860.4	120
2323	NP_416861.1	274
2324	NP_416862.2	178
2325	NP_416863.1	120
2326	NP_416864.1	101
2327	YP_009518805.1	46
2328	YP_588463.1	66
2329	NP_416865.1	311
2330	NP_416866.1	445
2331	NP_416867.1	442
2332	NP_416868.1	512
2333	NP_416869.1	387
2334	YP_010051191.1	9
2335	NP_416870.1	204
2336	NP_416871.1	1197
2337	NP_416872.4	381
2338	NP_416873.1	314
2339	NP_416874.1	564
2340	NP_416875.1	416
2341	NP_416876.1	211
2342	NP_416877.1	91
2343	NP_416878.1	80
2344	NP_416879.4	306
2345	YP_002791250.1	23
2346	NP_416880.1	412
2347	NP_416881.1	565
2348	NP_416882.1	244
2349	NP_416883.1	285
2350	NP_416884.1	831
2351	NP_416885.1	345
2352	NP_416886.1	361
2353	NP_416887.1	415
2354	NP_416888.1	108
2355	NP_416889.1	321
2356	NP_416890.1	418
2357	NP_416891.1	108
2358	NP_416893.1	412
2359	YP_010283913.1	29
2360	NP_416894.1	400
2361	NP_416895.2	370
2362	NP_416896.4	729
2363	NP_416897.2	114
2364	NP_416898.3	130
2365	NP_416899.1	471
2366	NP_416900.1	294
2367	NP_416901.1	418
2368	NP_416902.1	277
2369	NP_416903.1	254
2370	NP_416904.1	308
2371	NP_416905.1	332
2372	YP_588464.1	72
2373	NP_416906.1	671
2374	NP_416907.1	328
2375	NP_416908.1	253
2376	NP_416909.1	323
2377	NP_416910.1	85
2378	NP_416911.1	575
2379	NP_416912.1	169
2380	NP_416913.1	283
2381	NP_416914.1	124
2382	NP_416915.1	244
2383	NP_416916.1	303
2384	NP_416917.1	365
2385	YP_026168.2	291
2386	NP_416919.1	277
2387	NP_416920.1	338
2388	NP_416921.4	263
2389	NP_416922.1	285
2390	NP_416923.1	298
2391	NP_416924.1	474
2392	NP_416925.2	434
2393	NP_416926.4	299
2394	NP_416927.1	191
2395	NP_416928.4	149
2396	NP_416929.4	141
2397	NP_416930.1	289
2398	NP_416931.1	299
2399	NP_416932.1	350
2400	NP_416933.4	166
2401	NP_416934.1	219
2402	NP_416935.1	295
2403	NP_416936.4	453
2404	NP_416937.2	402
2405	NP_416938.1	213
2406	NP_416939.1	81
2407	NP_416940.2	122
2408	NP_416941.1	138
2409	NP_416942.1	197
2410	NP_416943.2	125
2411	NP_416944.1	130
2412	NP_416945.2	269
2413	NP_416946.1	467
2414	NP_416947.1	408
2415	NP_416948.4	395
2416	NP_416949.1	278
2417	NP_416950.1	467
2418	NP_416951.1	95
2419	NP_416952.2	97
2420	NP_416953.1	338
2421	NP_416954.1	267
2422	NP_416955.1	233
2423	NP_416956.1	159
2424	NP_416957.4	111
2425	NP_416958.1	759
2426	NP_416959.1	316
2427	NP_416960.1	667
2428	NP_416961.1	347
2429	NP_416962.1	191
2430	NP_416963.1	659
2431	NP_416964.1	566
2432	NP_416965.1	1037
2433	YP_001165325.1	19
2434	NP_416966.1	118
2435	NP_416967.1	375
2436	YP_588465.1	66
2437	NP_416968.2	232
2438	NP_416969.1	671
2439	NP_416970.1	287
2440	NP_416971.1	237
2441	NP_416972.4	344
2442	NP_416973.1	292
2443	NP_416974.4	190
2444	NP_416975.1	156
2445	NP_416976.4	205
2446	NP_416977.1	672
2447	NP_416978.4	315
2448	NP_416979.1	479
2449	NP_416980.1	216
2450	NP_416981.1	526
2451	NP_416982.1	555
2452	NP_416983.1	181
2453	NP_416984.1	252
2454	NP_416985.4	137
2455	NP_416986.4	670
2456	NP_416987.1	282
2457	NP_416988.1	353
2458	NP_416989.1	487
2459	NP_416990.1	119
2460	NP_416991.2	233
2461	NP_416992.1	429
2462	NP_416993.2	208
2463	NP_416994.1	345
2464	NP_416995.1	212
2465	NP_416996.1	688
2466	NP_416997.1	513
2467	NP_416998.1	747
2468	NP_416999.1	63
2469	NP_417000.1	172
2470	NP_417001.1	179
2471	NP_417002.1	525
2472	NP_417003.1	488
2473	NP_417004.1	456
2474	NP_417005.2	71
2475	NP_417006.2	490
2476	NP_417007.1	392
2477	NP_417008.1	206
2478	NP_417009.1	424
2479	NP_417010.1	372
2480	NP_417011.1	337
2481	NP_417012.1	384
2482	NP_417013.1	143
2483	NP_417014.1	770
2484	NP_417015.1	1653
2485	NP_417016.4	281
2486	YP_010283914.1	41
2487	NP_417017.4	258
2488	NP_417018.4	427
2489	NP_417019.1	66
2490	NP_417020.1	111
2491	NP_417021.1	616
2492	NP_417022.1	171
2493	NP_417023.1	107
2494	NP_417024.1	128
2495	YP_026169.1	404
2496	NP_417026.1	162
2497	NP_417027.1	246
2498	NP_417028.1	267
2499	NP_417029.4	284
2500	NP_417030.2	426
2501	NP_417031.1	379
2502	YP_008592385.1	21
2503	NP_417032.1	296
2504	NP_417033.1	453
2505	NP_417034.1	172
2506	NP_417035.1	106
2507	NP_417036.1	270
2508	NP_417037.1	400
2509	NP_417038.4	140
2510	NP_417039.1	290
2511	NP_417040.2	353
2512	NP_417041.1	332
2513	NP_417042.1	503
2514	NP_417043.1	327
2515	NP_417044.4	1093
2516	NP_417045.4	397
2517	NP_417046.1	417
2518	NP_417047.1	396
2519	NP_417048.1	112
2520	NP_417049.1	444
2521	NP_417050.1	237
2522	NP_417051.2	475
2523	YP_026170.1	1295
2524	NP_417053.2	518
2525	NP_417054.2	167
2526	NP_417055.4	211
2527	NP_417056.2	282
2528	NP_417057.1	86
2529	YP_002791251.1	26
2530	NP_417058.1	126
2531	NP_417059.1	243
2532	NP_417060.1	242
2533	NP_417061.1	301
2534	NP_417062.1	226
2535	NP_417063.1	324
2536	NP_417064.1	599
2537	NP_417065.1	159
2538	NP_417066.1	318
2539	NP_417067.1	216
2540	NP_417068.1	191
2541	YP_009518806.1	51
2542	NP_417069.1	540
2543	NP_417070.2	245
2544	NP_417071.1	444
2545	NP_417072.4	293
2546	NP_417073.1	195
2547	NP_417074.1	127
2548	NP_417075.1	229
2549	NP_417076.1	345
2550	NP_417077.1	139
2551	NP_417078.4	232
2552	NP_417079.1	886
2553	YP_010051192.1	13
2554	NP_417080.4	451
2555	NP_417081.2	107
2556	NP_417082.1	432
2557	YP_010051193.1	20
2558	YP_010051194.1	709
2559	NP_417083.1	857
2560	NP_417084.1	243
2561	NP_417085.1	326
2562	NP_417086.1	245
2563	NP_417088.1	113
2564	NP_417089.1	15
2565	NP_417090.1	386
2566	NP_417091.1	373
2567	NP_417092.1	356
2568	NP_417093.2	121
2569	NP_417094.1	172
2570	NP_417095.1	408
2571	NP_417096.1	160
2572	NP_417097.1	115
2573	NP_417098.1	255
2574	NP_417099.4	182
2575	NP_417100.1	82
2576	NP_417101.1	453
2577	NP_417102.4	263
2578	YP_026171.3	428
2579	NP_417104.1	197
2580	NP_417105.1	292
2581	YP_026172.1	553
2582	NP_417107.2	113
2583	NP_417108.4	96
2584	NP_417109.1	158
2585	NP_417110.1	160
2586	NP_417111.1	413
2587	NP_417112.1	318
2588	NP_417113.1	70
2589	NP_417114.1	469
2590	NP_417115.1	208
2591	NP_417116.1	729
2592	NP_417117.1	538
2593	NP_417118.1	87
2594	NP_417119.1	357
2595	NP_417120.2	123
2596	YP_026173.1	287
2597	NP_417122.1	273
2598	NP_417123.1	233
2599	YP_026174.2	78
2600	NP_417124.4	147
2601	NP_417125.1	155
2602	YP_009518807.1	104
2603	NP_417129.1	567
2604	NP_417130.1	152
2605	NP_417131.1	160
2606	YP_588466.1	66
2607	NP_417132.1	105
2608	NP_417133.1	109
2609	NP_417134.2	1526
2610	YP_009518808.1	263
2611	YP_009518809.1	160
2612	NP_417145.4	325
2613	NP_417146.2	422
2614	NP_417147.1	482
2615	NP_417148.1	426
2616	NP_417149.1	466
2617	NP_417150.4	220
2618	NP_417151.1	149
2619	NP_417152.1	52
2620	NP_417153.1	99
2621	NP_417154.1	174
2622	NP_417155.1	134
2623	NP_417156.1	149
2624	NP_417157.1	114
2625	NP_417158.4	109
2626	NP_417159.1	81
2627	NP_417160.1	136
2628	NP_417161.1	714
2629	NP_417162.1	319
2630	NP_417163.1	400
2631	NP_417164.1	354
2632	NP_417165.1	330
2633	NP_417167.1	245
2634	NP_417168.1	111
2635	NP_417169.1	176
2636	NP_417170.1	390
2637	NP_417171.1	512
2638	NP_417172.1	171
2639	NP_417173.1	518
2640	NP_417174.1	142
2641	NP_417175.1	188
2642	NP_417176.1	61
2643	NP_417177.1	876
2644	NP_417178.1	166
2645	NP_417179.1	353
2646	NP_417180.1	165
2647	NP_417181.1	361
2648	YP_026180.1	187
2649	YP_026181.1	319
2650	NP_417184.1	123
2651	NP_417185.1	259
2652	NP_417186.1	119
2653	NP_417187.1	257
2654	NP_417188.4	321
2655	NP_417189.2	504
2656	NP_417190.1	479
2657	NP_417191.1	377
2658	NP_417192.1	750
2659	NP_417193.1	175
2660	NP_417194.2	336
2661	YP_026182.1	485
2662	NP_417196.1	474
2663	NP_417197.1	156
2664	NP_417198.1	136
2665	NP_417199.1	255
2666	NP_417200.1	180
2667	NP_417201.1	569
2668	NP_417202.1	307
2669	NP_417203.1	608
2670	NP_417204.1	203
2671	NP_417205.1	153
2672	NP_417206.1	116
2673	NP_417207.1	290
2674	NP_417208.1	90
2675	NP_417209.1	373
2676	NP_417210.2	336
2677	NP_417211.1	692
2678	NP_417212.1	117
2679	NP_417213.1	853
2680	NP_417214.1	218
2681	NP_417215.2	255
2682	NP_417216.1	302
2683	NP_417217.1	388
2684	NP_417218.1	212
2685	NP_417219.1	258
2686	NP_417220.1	454
2687	NP_417221.1	330
2688	NP_417222.1	379
2689	NP_417223.1	208
2690	NP_417224.1	253
2691	NP_417225.1	349
2692	NP_417226.1	159
2693	NP_417227.1	236
2694	NP_417228.1	103
2695	NP_417229.1	107
2696	NP_417230.1	201
2697	NP_417231.1	475
2698	NP_417232.1	302
2699	NP_417233.1	345
2700	NP_417234.2	94
2701	NP_417235.1	305
2702	NP_417236.1	199
2703	NP_417237.2	224
2704	NP_417238.1	363
2705	NP_417239.1	160
2706	NP_417240.1	502
2707	NP_417241.1	888
2708	NP_417242.1	244
2709	NP_417243.1	570
2710	NP_417244.1	599
2711	NP_417245.1	121
2712	NP_417246.4	423
2713	NP_417247.2	86
2714	NP_417248.1	191
2715	NP_417249.4	286
2716	NP_417250.4	259
2717	NP_417251.2	445
2718	YP_026183.1	484
2719	NP_417254.4	261
2720	NP_417255.1	425
2721	NP_417256.1	492
2722	NP_417257.1	223
2723	YP_002791252.1	46
2724	NP_417258.4	290
2725	NP_417259.1	432
2726	NP_417260.1	545
2727	NP_417261.1	263
2728	NP_417262.1	111
2729	NP_417263.1	82
2730	NP_417264.1	744
2731	NP_417265.1	433
2732	NP_417266.1	918
2733	NP_417267.1	446
2734	NP_417268.1	446
2735	NP_417269.1	450
2736	NP_417270.1	149
2737	NP_417271.1	260
2738	NP_417272.1	109
2739	NP_417273.1	181
2740	NP_417274.1	282
2741	NP_417275.1	454
2742	NP_417276.1	429
2743	NP_417277.1	455
2744	NP_417278.4	251
2745	NP_417279.2	382
2746	NP_417280.1	215
2747	NP_417281.1	438
2748	NP_417282.1	591
2749	NP_417283.2	472
2750	NP_417284.1	140
2751	NP_417285.1	243
2752	NP_417286.1	366
2753	NP_417287.1	131
2754	NP_417288.1	305
2755	NP_417289.2	75
2756	NP_417290.1	401
2757	NP_417291.1	147
2758	NP_417292.1	268
2759	NP_417293.1	365
2760	NP_417294.4	417
2761	NP_417295.1	443
2762	NP_417296.1	608
2763	NP_417297.1	1180
2764	NP_417298.1	962
2765	NP_417299.1	1122
2766	NP_417300.1	107
2767	NP_417301.4	135
2768	NP_417302.1	187
2769	NP_417303.1	156
2770	NP_417304.1	264
2771	NP_417305.1	291
2772	NP_417306.1	748
2773	NP_417307.1	176
2774	YP_009518810.1	48
2775	NP_417308.1	229
2776	NP_417309.1	237
2777	NP_417310.1	72
2778	NP_417311.1	346
2779	NP_417312.1	397
2780	NP_417313.1	719
2781	NP_417314.1	343
2782	NP_417315.1	420
2783	NP_417316.1	311
2784	NP_417317.1	230
2785	NP_417318.1	472
2786	NP_417319.1	253
2787	NP_417320.1	278
2788	NP_417321.2	393
2789	NP_417322.1	409
2790	NP_417323.2	210
2791	NP_417324.1	269
2792	NP_417325.4	160
2793	YP_002791253.1	26
2794	NP_417326.2	141
2795	NP_417328.1	163
2796	NP_417329.1	458
2797	NP_417330.1	72
2798	NP_417337.1	301
2799	NP_417338.3	121
2800	YP_009518811.1	264
2801	NP_417341.4	251
2802	NP_417342.1	752
2803	NP_417343.1	292
2804	NP_417344.1	159
2805	NP_417345.1	592
2806	YP_026185.1	396
2807	NP_417347.1	398
2808	NP_417348.1	403
2809	NP_417349.4	461
2810	NP_417350.1	310
2811	NP_417351.1	541
2812	NP_417352.2	256
2813	NP_417353.1	192
2814	NP_417354.1	1032
2815	NP_417355.4	442
2816	NP_417356.1	259
2817	NP_417357.1	956
2818	NP_417358.2	466
2819	NP_417359.1	439
2820	YP_026186.1	455
2821	NP_417362.4	162
2822	NP_417363.2	639
2823	NP_417364.2	482
2824	YP_002791254.1	41
2825	YP_009518812.1	23
2826	NP_417365.1	182
2827	NP_417366.1	505
2828	NP_417367.1	365
2829	NP_417368.1	577
2830	NP_417369.1	236
2831	NP_417370.1	298
2832	NP_417371.1	173
2833	NP_417372.1	135
2834	NP_417373.1	88
2835	NP_417374.1	326
2836	NP_417375.1	219
2837	NP_417376.1	103
2838	NP_417377.1	479
2839	NP_417378.1	247
2840	NP_417379.1	957
2841	NP_417380.1	129
2842	NP_417381.1	364
2843	YP_009518813.1	27
2844	NP_417382.1	400
2845	NP_417383.1	392
2846	NP_417384.1	441
2847	NP_417385.4	192
2848	NP_417386.1	109
2849	NP_417387.3	182
2850	YP_002791255.1	19
2851	NP_417388.1	410
2852	NP_417389.1	219
2853	NP_417391.1	297
2854	NP_417392.1	714
2855	NP_417393.1	331
2856	NP_417394.4	261
2857	NP_417395.1	492
2858	NP_417396.4	298
2859	NP_417397.1	246
2860	NP_417398.1	211
2861	NP_417399.1	286
2862	NP_417400.1	359
2863	NP_417401.1	387
2864	NP_417402.1	339
2865	NP_417403.1	237
2866	NP_417404.1	169
2867	NP_417405.1	321
2868	YP_026187.1	425
2869	NP_417408.1	462
2870	NP_417409.1	147
2871	YP_026188.1	663
2872	NP_417411.2	252
2873	NP_417412.1	306
2874	NP_417413.1	658
2875	NP_417414.2	43
2876	YP_010051195.1	47
2877	NP_417415.1	71
2878	YP_009518814.1	83
2879	NP_417417.1	384
2880	NP_417418.1	464
2881	NP_417419.1	165
2882	NP_417420.1	235
2883	NP_417421.4	243
2884	NP_417422.1	316
2885	NP_417423.4	187
2886	NP_417424.1	138
2887	NP_417425.2	326
2888	NP_417426.1	234
2889	NP_417427.1	188
2890	NP_417428.2	96
2891	NP_417429.1	197
2892	NP_417430.1	378
2893	NP_417431.1	335
2894	NP_417432.1	348
2895	NP_417433.1	239
2896	NP_417434.4	108
2897	NP_417435.1	239
2898	NP_417436.1	350
2899	NP_417437.1	91
2900	NP_417438.2	359
2901	NP_417439.4	418
2902	NP_417440.4	711
2903	YP_010051196.1	27
2904	NP_417441.1	235
2905	NP_417442.1	178
2906	YP_010051198.1	19
2907	YP_010051197.1	286
2908	YP_010051199.1	331
2909	NP_417445.1	136
2910	NP_417446.4	269
2911	YP_026189.1	1520
2912	NP_417449.1	560
2913	NP_417450.1	723
2914	NP_417451.1	134
2915	YP_026190.1	407
2916	YP_026191.1	350
2917	NP_417453.1	499
2918	NP_417454.1	254
2919	YP_009518815.1	390
2920	NP_416696.2	326
2921	YP_026192.1	355
2922	NP_417458.1	252
2923	NP_417459.1	237
2924	NP_417460.1	230
2925	NP_417461.1	499
2926	NP_417462.1	619
2927	NP_417463.4	288
2928	NP_417464.1	82
2929	NP_417465.1	113
2930	NP_417466.1	162
2931	NP_417467.1	164
2932	NP_417468.1	567
2933	NP_417469.1	392
2934	NP_417470.1	328
2935	NP_417471.1	372
2936	NP_417472.1	95
2937	YP_009518816.1	47
2938	NP_417474.1	346
2939	NP_417475.1	164
2940	NP_417476.1	294
2941	NP_417478.1	141
2942	NP_417479.1	244
2943	NP_417481.1	395
2944	NP_417482.1	219
2945	NP_417483.2	318
2946	NP_417484.1	387
2947	NP_417485.4	275
2948	YP_026195.1	308
2949	NP_417487.1	85
2950	YP_026196.1	739
2951	NP_417489.1	470
2952	NP_417490.1	245
2953	NP_417491.1	752
2954	NP_417492.1	535
2955	NP_417493.1	131
2956	NP_417494.1	98
2957	YP_026197.1	160
2958	NP_417496.1	130
2959	NP_417497.1	219
2960	NP_417498.1	449
2961	NP_417499.1	110
2962	NP_417500.1	193
2963	NP_417501.1	104
2964	NP_417502.1	630
2965	NP_417503.1	193
2966	NP_417504.1	275
2967	NP_417505.1	140
2968	NP_417506.1	209
2969	NP_417507.2	493
2970	NP_417509.3	223
2971	NP_417510.1	386
2972	NP_417511.3	271
2973	NP_417512.1	257
2974	YP_009518818.1	56
2975	NP_417513.1	217
2976	NP_417514.4	96
2977	NP_417515.1	183
2978	NP_417516.3	121
2979	NP_417517.1	301
2980	NP_417519.4	249
2981	NP_417520.1	354
2982	NP_417521.1	66
2983	NP_417522.1	209
2984	NP_417523.1	553
2985	YP_002791256.1	19
2986	YP_002791257.1	19
2987	NP_417524.1	477
2988	NP_417525.1	946
2989	NP_417526.1	433
2990	NP_417527.1	206
2991	NP_417528.1	412
2992	NP_417529.1	273
2993	NP_417530.2	122
2994	NP_417531.1	205
2995	NP_417532.1	310
2996	NP_417533.1	303
2997	NP_417534.1	201
2998	NP_417535.1	487
2999	NP_417536.1	337
3000	NP_417537.1	71
3001	NP_417538.1	581
3002	NP_417539.1	613
3003	NP_417540.1	168
3004	NP_417541.1	254
3005	NP_417542.1	207
3006	NP_417543.1	506
3007	NP_417544.5	459
3008	NP_417545.1	110
3009	NP_417546.1	327
3010	YP_026199.1	1030
3011	NP_417548.1	149
3012	YP_026200.1	477
3013	NP_417550.1	356
3014	NP_417551.1	783
3015	NP_417552.1	672
3016	NP_417553.1	138
3017	NP_417554.1	104
3018	NP_417555.4	378
3019	NP_417556.2	167
3020	NP_417557.1	230
3021	NP_417558.2	328
3022	YP_026201.1	321
3023	NP_417560.1	414
3024	NP_417561.1	183
3025	NP_417562.1	495
3026	NP_417563.1	470
3027	NP_417564.2	432
3028	NP_417565.2	258
3029	YP_010051200.1	27
3030	NP_417566.1	220
3031	NP_417567.1	127
3032	NP_417568.2	122
3033	NP_417569.1	101
3034	NP_417570.1	134
3035	NP_417571.1	99
3036	NP_417572.2	130
3037	NP_417573.1	328
3038	NP_417574.1	121
3039	NP_417575.1	118
3040	NP_417576.1	298
3041	NP_417577.1	233
3042	NP_417578.2	54
3043	YP_026202.1	436
3044	YP_026203.3	443
3045	YP_026204.1	454
3046	NP_417583.4	129
3047	YP_026205.1	764
3048	NP_417585.2	402
3049	NP_417586.1	443
3050	NP_417587.1	329
3051	NP_417588.1	312
3052	NP_417589.4	72
3053	NP_417590.2	179
3054	NP_417591.1	395
3055	NP_417593.4	381
3056	NP_417594.3	294
3057	NP_417595.1	256
3058	NP_417596.1	444
3059	NP_417597.1	523
3060	NP_417598.1	111
3061	NP_417599.1	154
3062	NP_417600.1	269
3063	NP_417601.1	426
3064	NP_417602.4	157
3065	NP_417605.1	384
3066	NP_417606.1	286
3067	NP_417607.1	158
3068	NP_417608.1	267
3069	NP_417609.1	263
3070	NP_417610.1	251
3071	NP_417611.1	194
3072	NP_417612.1	231
3073	NP_417613.1	838
3074	NP_417614.1	363
3075	NP_417615.1	286
3076	NP_417616.1	678
3077	NP_417617.1	131
3078	NP_417618.1	196
3079	NP_417619.1	191
3080	NP_417620.1	346
3081	NP_417621.2	211
3082	NP_417622.2	172
3083	NP_417623.1	147
3084	NP_417624.1	100
3085	NP_417625.1	167
3086	NP_417626.1	174
3087	NP_417627.1	331
3088	NP_417628.2	292
3089	NP_417629.1	335
3090	NP_417630.1	414
3091	NP_417631.2	629
3092	YP_002791258.1	26
3093	NP_417632.1	294
3094	NP_417633.4	711
3095	NP_417634.1	89
3096	NP_417635.1	314
3097	NP_417636.1	133
3098	YP_010283916.1	726
3099	YP_010283915.1	733
3100	NP_417637.1	890
3101	NP_417638.1	495
3102	NP_417639.6	150
3103	NP_417640.1	447
3104	NP_417641.4	541
3105	NP_417642.1	110
3106	NP_417643.1	445
3107	NP_417644.4	282
3108	NP_417645.1	644
3109	NP_417646.1	209
3110	NP_417647.1	97
3111	NP_417648.4	158
3112	NP_417649.1	477
3113	NP_417650.1	390
3114	NP_417651.1	321
3115	NP_417652.1	85
3116	NP_417653.1	103
3117	NP_417654.1	323
3118	NP_417655.1	92
3119	NP_417656.1	419
3120	NP_417657.2	84
3121	NP_417658.4	97
3122	NP_417659.1	211
3123	NP_417660.1	183
3124	NP_417661.1	260
3125	NP_417662.1	269
3126	NP_417663.1	325
3127	NP_417664.1	328
3128	NP_417665.1	188
3129	NP_417666.1	191
3130	NP_417667.1	185
3131	NP_417668.1	241
3132	NP_417669.1	477
3133	NP_417670.1	95
3134	NP_417671.1	163
3135	NP_417672.1	284
3136	NP_417673.1	90
3137	NP_417674.1	210
3138	NP_417675.1	242
3139	NP_417676.2	217
3140	YP_026207.1	778
3141	NP_417678.1	309
3142	NP_417679.2	1486
3143	NP_417680.1	472
3144	NP_417681.1	254
3145	NP_417682.1	224
3146	NP_417683.1	793
3147	NP_417456.2	326
3148	NP_417686.1	238
3149	NP_417687.1	375
3150	NP_417688.1	154
3151	NP_417689.4	291
3152	NP_417690.1	229
3153	NP_417691.4	496
3154	NP_417692.1	297
3155	NP_417693.3	263
3156	NP_417694.1	455
3157	NP_417695.1	165
3158	NP_417696.1	212
3159	NP_417697.1	130
3160	NP_417698.1	142
3161	NP_417699.1	375
3162	NP_417700.2	132
3163	NP_417701.1	455
3164	NP_417702.1	355
3165	NP_417703.1	312
3166	NP_417704.1	156
3167	NP_417705.2	87
3168	NP_417706.1	90
3169	NP_417707.1	655
3170	NP_417708.1	310
3171	NP_417709.2	67
3172	NP_417710.1	309
3173	NP_417711.1	481
3174	YP_026208.1	1266
3175	NP_417713.2	489
3176	NP_417714.1	197
3177	NP_417715.1	162
3178	NP_417716.1	367
3179	NP_417717.2	347
3180	NP_417718.1	646
3181	NP_417719.1	324
3182	NP_417721.1	156
3183	NP_417722.1	449
3184	NP_417723.1	80
3185	NP_417724.4	483
3186	NP_417725.1	293
3187	NP_417726.1	321
3188	NP_417727.1	98
3189	NP_417728.4	294
3190	NP_417729.1	59
3191	NP_417730.1	220
3192	NP_417731.1	385
3193	NP_417732.1	1034
3194	NP_417733.1	73
3195	YP_026209.1	393
3196	NP_417736.2	367
3197	NP_417737.1	252
3198	NP_417738.4	184
3199	NP_417739.1	85
3200	NP_417740.1	272
3201	NP_417741.1	190
3202	YP_026210.1	180
3203	NP_417743.1	157
3204	YP_026211.1	374
3205	NP_417745.1	169
3206	NP_417746.1	315
3207	NP_417747.1	429
3208	NP_417748.1	458
3209	NP_417749.1	136
3210	YP_588467.1	72
3211	NP_417751.1	141
3212	NP_417752.1	122
3213	NP_417753.1	127
3214	NP_417754.1	329
3215	NP_417755.1	206
3216	NP_417756.1	129
3217	NP_417757.1	118
3218	NP_417758.1	38
3219	NP_417759.1	443
3220	NP_417760.1	144
3221	NP_417761.1	59
3222	NP_417762.1	167
3223	NP_417763.1	117
3224	NP_417764.1	177
3225	NP_417765.1	130
3226	NP_417766.1	101
3227	NP_417767.1	179
3228	NP_417768.1	104
3229	NP_417769.1	123
3230	NP_417770.1	84
3231	NP_417771.1	63
3232	NP_417772.1	136
3233	NP_417773.1	233
3234	NP_417774.1	110
3235	NP_417775.1	92
3236	NP_417776.1	273
3237	NP_417777.1	100
3238	NP_417778.1	201
3239	NP_417779.1	209
3240	NP_417780.1	103
3241	NP_417781.1	139
3242	NP_417782.1	489
3243	NP_417783.1	271
3244	NP_417784.4	650
3245	NP_417785.1	493
3246	NP_417786.1	398
3247	NP_417787.1	145
3248	NP_417788.1	169
3249	NP_417789.4	125
3250	NP_417790.1	195
3251	NP_417791.1	327
3252	NP_417792.2	387
3253	NP_417793.2	153
3254	NP_417794.1	225
3255	NP_417795.1	158
3256	NP_417796.1	64
3257	NP_417797.1	897
3258	NP_417798.1	394
3259	NP_417799.1	704
3260	NP_417800.1	179
3261	NP_417801.1	124
3262	NP_417802.1	95
3263	NP_417803.1	119
3264	NP_417804.1	128
3265	NP_417805.4	240
3266	NP_417806.1	270
3267	NP_417807.1	72
3268	NP_417808.1	196
3269	YP_588468.1	66
3270	NP_417809.1	601
3271	NP_417810.1	184
3272	NP_417811.1	637
3273	NP_417812.1	340
3274	NP_417813.1	72
3275	NP_417814.1	289
3276	NP_417815.1	134
3277	NP_417816.1	210
3278	NP_417817.2	700
3279	NP_417818.1	406
3280	YP_010283917.1	17
3281	NP_417819.1	187
3282	NP_417820.1	200
3283	NP_417821.1	55
3284	NP_417822.1	190
3285	NP_417823.1	393
3286	NP_417824.1	847
3287	NP_417825.1	108
3288	YP_026212.2	268
3289	NP_417827.1	457
3290	NP_417828.1	55
3291	NP_417829.2	445
3292	NP_417830.4	340
3293	YP_026213.1	276
3294	NP_417833.1	261
3295	NP_417834.6	243
3296	NP_417835.1	361
3297	NP_417836.1	434
3298	NP_417837.2	117
3299	NP_417838.1	292
3300	NP_417839.1	408
3301	NP_417840.1	387
3302	NP_417841.2	120
3303	YP_026214.1	301
3304	NP_417843.1	334
3305	NP_417844.1	252
3306	NP_417845.1	225
3307	NP_417846.1	278
3308	NP_417847.1	428
3309	NP_417848.1	362
3310	YP_026215.2	173
3311	NP_417850.1	412
3312	NP_417851.4	134
3313	NP_417852.1	146
3314	NP_417853.1	179
3315	NP_417854.4	259
3316	NP_417855.4	850
3317	NP_417856.1	186
3318	NP_417857.1	711
3319	NP_417858.4	222
3320	NP_417859.1	133
3321	NP_417860.2	292
3322	NP_417861.1	574
3323	NP_417862.1	540
3324	NP_417863.1	450
3325	NP_417864.1	239
3326	YP_026216.2	158
3327	NP_417866.4	773
3328	NP_417867.1	75
3329	NP_417868.1	773
3330	NP_417869.1	78
3331	NP_417870.1	292
3332	NP_417871.1	256
3333	NP_417872.2	227
3334	NP_417873.1	191
3335	YP_026217.1	438
3336	NP_417875.1	694
3337	YP_026218.1	797
3338	NP_417877.1	901
3339	YP_026219.1	338
3340	NP_417879.1	408
3341	NP_417880.1	532
3342	YP_026220.1	276
3343	NP_417883.1	108
3344	NP_417884.1	501
3345	YP_009518819.1	93
3346	NP_417886.1	815
3347	NP_417887.1	477
3348	NP_417888.1	431
3349	NP_417889.1	657
3350	NP_417890.1	728
3351	YP_010051201.1	13
3352	YP_010051202.1	9
3353	NP_417891.1	367
3354	NP_417892.1	197
3355	YP_026221.1	446
3356	NP_417894.2	175
3357	YP_026222.1	331
3358	NP_417896.1	231
3359	NP_417897.1	345
3360	NP_417898.1	162
3361	NP_417899.1	392
3362	NP_417901.1	91
3363	NP_417902.1	167
3364	YP_009518820.1	51
3365	NP_417903.1	94
3366	NP_417904.1	580
3367	NP_417905.1	146
3368	NP_417906.1	247
3369	NP_417907.2	356
3370	NP_417908.1	281
3371	NP_417909.1	295
3372	NP_417910.1	438
3373	NP_417911.4	237
3374	NP_417912.1	255
3375	NP_417913.1	425
3376	NP_417914.1	308
3377	NP_417915.1	369
3378	NP_417916.1	127
3379	YP_026223.1	367
3380	NP_417918.1	284
3381	NP_417919.1	352
3382	NP_417920.1	222
3383	NP_417921.1	497
3384	NP_417922.1	198
3385	NP_417923.1	89
3386	NP_417924.1	119
3387	NP_417925.1	208
3388	NP_417926.1	732
3389	NP_417927.1	81
3390	NP_417928.1	221
3391	NP_417929.4	185
3392	NP_417930.2	405
3393	NP_417931.4	349
3394	NP_417932.1	195
3395	NP_417933.1	524
3396	NP_417934.1	314
3397	NP_417935.1	277
3398	NP_417936.1	254
3399	NP_417937.1	268
3400	NP_417938.1	133
3401	YP_026224.1	1411
3402	NP_417940.2	127
3403	NP_417941.1	378
3404	NP_417942.6	374
3405	YP_026225.1	911
3406	NP_417944.1	355
3407	YP_010051203.1	37
3408	NP_417945.1	540
3409	NP_417948.4	350
3410	NP_417949.1	400
3411	NP_417950.1	499
3412	NP_417951.1	111
3413	NP_417952.1	144
3414	YP_010051204.1	24
3415	YP_010051205.1	17
3416	NP_417953.1	489
3417	NP_417954.1	250
3418	NP_417955.1	680
3419	NP_417956.1	280
3420	NP_417957.1	450
3421	YP_001165328.2	27
3422	NP_417958.1	117
3423	NP_417959.4	429
3424	NP_417960.1	141
3425	NP_417685.2	326
3426	NP_417963.4	188
3427	NP_417964.1	176
3428	NP_417965.1	215
3429	NP_417966.4	108
3430	NP_417967.1	110
3431	NP_417968.1	190
3432	NP_417969.1	175
3433	NP_417970.1	385
3434	NP_417971.1	1037
3435	NP_417972.1	242
3436	NP_417973.1	274
3437	NP_417974.1	466
3438	NP_417975.1	465
3439	NP_417976.1	549
3440	NP_417977.1	200
3441	NP_417978.2	299
3442	NP_417979.1	337
3443	NP_417980.1	440
3444	NP_417981.2	686
3445	NP_417982.2	255
3446	NP_417983.2	309
3447	NP_417984.1	498
3448	NP_417985.1	428
3449	NP_417986.4	662
3450	YP_026226.4	1157
3451	NP_417988.1	368
3452	NP_417989.1	779
3453	NP_417990.4	872
3454	NP_417992.1	62
3455	NP_417993.1	523
3456	NP_417994.2	63
3457	NP_417995.1	559
3458	YP_026227.1	35
3459	NP_417996.1	423
3460	NP_417997.1	334
3461	NP_417998.1	327
3462	NP_417999.1	300
3463	NP_418000.1	339
3464	NP_418001.1	535
3465	NP_418002.2	563
3466	NP_418003.1	402
3467	NP_418004.4	232
3468	NP_418005.1	187
3469	NP_418006.1	146
3470	NP_418007.3	777
3471	YP_026228.1	219
3472	NP_418009.2	324
3473	NP_418010.2	236
3474	NP_418011.1	96
3475	NP_418012.1	70
3476	YP_010051206.1	23
3477	YP_026229.1	50
3478	NP_418014.1	173
3479	NP_418015.1	283
3480	NP_418016.1	689
3481	NP_418017.1	303
3482	YP_588469.1	99
3483	NP_418018.1	331
3484	NP_418019.4	145
3485	NP_418020.2	113
3486	NP_418021.1	484
3487	NP_418022.1	440
3488	NP_418023.1	330
3489	NP_418024.1	513
3490	NP_418025.1	393
3491	NP_418026.1	392
3492	YP_026230.1	274
3493	YP_010051207.1	8
3494	NP_418028.1	676
3495	YP_026231.1	417
3496	NP_418030.1	157
3497	NP_418031.1	282
3498	NP_418032.1	332
3499	NP_418033.1	155
3500	NP_418034.1	157
3501	YP_026232.1	425
3502	NP_418036.1	328
3503	NP_418037.1	498
3504	NP_418038.1	220
3505	NP_418039.2	286
3506	NP_418040.1	231
3507	NP_418041.1	246
3508	NP_418042.1	324
3509	NP_418043.1	378
3510	NP_418044.1	107
3511	NP_418045.4	512
3512	YP_026233.1	383
3513	NP_418047.1	614
3514	NP_418048.1	463
3515	NP_418049.1	202
3516	NP_418050.1	1377
3517	NP_418051.1	280
3518	NP_418053.1	153
3519	YP_009518821.1	111
3520	NP_418054.1	378
3521	NP_418055.1	120
3522	NP_418056.1	637
3523	NP_418057.1	382
3524	NP_418058.1	195
3525	YP_588470.1	69
3526	NP_418059.1	120
3527	NP_418060.1	551
3528	NP_418061.1	258
3529	NP_418062.1	396
3530	NP_418063.1	157
3531	NP_418064.1	273
3532	NP_418065.1	339
3533	NP_418066.1	155
3534	NP_418067.1	83
3535	NP_418068.1	143
3536	NP_418069.1	514
3537	NP_418070.6	419
3538	NP_418071.4	319
3539	NP_418072.1	344
3540	NP_418073.1	341
3541	NP_418074.1	398
3542	NP_418075.2	285
3543	NP_418076.1	310
3544	NP_418077.1	348
3545	NP_418078.1	319
3546	YP_010051209.1	24
3547	YP_010051208.1	80
3548	YP_010051210.1	36
3549	NP_418079.1	419
3550	NP_418080.1	357
3551	NP_418081.1	283
3552	NP_418082.1	232
3553	NP_418083.1	338
3554	NP_418084.1	339
3555	NP_418085.2	359
3556	NP_418086.1	311
3557	NP_418087.1	265
3558	NP_418088.1	374
3559	NP_418089.1	344
3560	NP_418090.1	425
3561	NP_418091.1	159
3562	NP_418092.1	269
3563	NP_418093.1	55
3564	NP_418094.1	78
3565	NP_418095.4	222
3566	NP_418096.4	406
3567	NP_418097.2	152
3568	NP_418098.4	198
3569	NP_418099.1	213
3570	YP_009518822.1	228
3571	NP_418101.1	287
3572	NP_418102.2	274
3573	NP_418103.4	205
3574	NP_418104.2	560
3575	NP_418105.1	207
3576	NP_418106.1	91
3577	NP_418107.1	702
3578	NP_418108.1	229
3579	NP_418109.1	693
3580	NP_418110.1	401
3581	NP_418111.1	463
3582	NP_418112.1	569
3583	NP_418113.1	772
3584	NP_418114.4	460
3585	NP_418115.1	394
3586	YP_010051211.1	19
3587	NP_418116.1	307
3588	NP_418117.1	272
3589	YP_588471.1	97
3590	NP_418118.2	396
3591	NP_418119.2	150
3592	NP_418120.2	444
3593	NP_418121.1	588
3594	NP_418122.1	463
3595	NP_418123.2	439
3596	NP_418124.4	500
3597	NP_418125.1	196
3598	NP_418126.1	96
3599	NP_418127.1	562
3600	NP_418128.1	32
3601	YP_001165331.1	29
3602	YP_010051212.1	24
3603	NP_418129.2	394
3604	NP_418130.1	165
3605	NP_418131.1	120
3606	NP_418132.1	115
3607	NP_418133.1	149
3608	NP_418134.1	497
3609	NP_418135.1	571
3610	NP_418136.2	297
3611	YP_009518824.1	161
3612	YP_009518825.1	368
3613	NP_418139.1	238
3614	NP_418140.4	553
3615	NP_418141.2	142
3616	NP_418142.1	137
3617	NP_418143.2	110
3618	NP_418144.3	415
3619	NP_418145.2	354
3620	NP_418146.4	430
3621	YP_026237.1	382
3622	YP_026238.1	205
3623	NP_418148.1	292
3624	YP_026239.1	229
3625	YP_026240.1	218
3626	NP_418152.1	270
3627	NP_418153.4	132
3628	YP_026241.1	804
3629	NP_418155.1	357
3630	NP_418156.1	366
3631	NP_418157.1	467
3632	YP_009518826.1	26
3633	NP_418158.1	46
3634	NP_418159.1	119
3635	YP_588472.1	85
3636	NP_418161.1	548
3637	NP_418162.1	454
3638	NP_418163.1	24
3639	NP_418164.4	471
3640	NP_418165.1	415
3641	NP_418166.1	391
3642	NP_418167.1	319
3643	NP_418168.2	249
3644	NP_418169.1	188
3645	NP_418170.1	445
3646	NP_418171.1	221
3647	NP_418172.1	155
3648	NP_418173.1	195
3649	YP_026242.1	240
3650	NP_418175.3	389
3651	NP_418176.1	538
3652	NP_418177.1	470
3653	NP_418178.1	625
3654	NP_418179.1	278
3655	NP_418180.1	241
3656	NP_418181.1	257
3657	NP_418182.1	296
3658	NP_418183.1	319
3659	NP_418184.1	346
3660	NP_418185.1	609
3661	NP_418186.1	456
3662	NP_418187.1	139
3663	NP_418188.1	460
3664	NP_418189.1	287
3665	NP_418190.1	513
3666	NP_418191.1	177
3667	NP_418192.1	156
3668	NP_418193.1	79
3669	NP_418194.1	271
3670	NP_418195.2	126
3671	NP_418196.1	207
3672	NP_418197.1	629
3673	NP_418198.1	147
3674	NP_418199.1	152
3675	NP_418200.1	330
3676	YP_026243.1	483
3677	NP_418202.4	498
3678	YP_026244.1	622
3679	NP_418204.2	139
3680	NP_418205.1	501
3681	NP_418206.1	321
3682	NP_418207.1	296
3683	NP_418208.1	309
3684	NP_418209.1	330
3685	NP_418210.1	475
3686	YP_026245.1	230
3687	YP_026246.1	279
3688	NP_418213.1	112
3689	NP_418214.2	506
3690	NP_418215.1	32
3691	YP_002791259.1	16
3692	NP_418217.1	87
3693	YP_026247.1	309
3694	YP_026248.1	616
3695	NP_418220.1	514
3696	NP_418221.1	297
3697	NP_418222.1	491
3698	NP_418223.1	93
3699	YP_026251.1	673
3700	YP_026252.1	494
3701	NP_418227.1	421
3702	NP_418228.2	109
3703	YP_009518827.1	33
3704	NP_418230.1	419
3705	NP_418231.1	367
3706	NP_418232.2	348
3707	YP_026253.1	376
3708	YP_026254.1	420
3709	YP_026255.1	355
3710	NP_418236.1	293
3711	YP_026256.2	224
3712	NP_418238.1	376
3713	NP_418239.1	416
3714	YP_026257.1	359
3715	NP_418241.1	450
3716	NP_418242.1	246
3717	YP_026258.1	461
3718	YP_026259.1	411
3719	NP_418245.1	551
3720	NP_418246.1	398
3721	NP_418247.1	393
3722	NP_418248.1	246
3723	YP_026260.1	313
3724	NP_418250.1	848
3725	NP_418251.1	106
3726	YP_009518828.1	161
3727	YP_588473.1	67
3728	NP_418254.2	274
3729	NP_418255.1	235
3730	NP_418256.1	298
3731	NP_418257.1	238
3732	NP_418258.1	720
3733	YP_026261.1	254
3734	YP_010051213.1	18
3735	NP_418260.1	316
3736	NP_418261.1	126
3737	NP_418262.2	126
3738	YP_026262.1	296
3739	NP_418264.4	155
3740	NP_418265.1	289
3741	YP_026263.3	609
3742	YP_026264.1	206
3743	YP_026265.1	206
3744	YP_026266.1	340
3745	YP_026267.1	266
3746	NP_418271.1	299
3747	NP_418272.1	317
3748	NP_418273.1	753
3749	YP_026268.1	271
3750	NP_418275.1	253
3751	NP_418276.1	475
3752	YP_026269.1	251
3753	NP_418278.1	201
3754	NP_418279.1	546
3755	NP_418280.4	89
3756	YP_026270.1	171
3757	NP_418282.1	258
3758	YP_026271.1	260
3759	NP_418284.1	162
3760	NP_418285.1	497
3761	NP_418286.1	233
3762	YP_026272.1	387
3763	NP_418288.1	729
3764	NP_418289.1	443
3765	NP_418290.4	204
3766	YP_026273.1	483
3767	NP_418292.1	181
3768	NP_418293.2	175
3769	NP_418294.1	194
3770	NP_418295.1	89
3771	NP_418296.1	328
3772	NP_418297.1	208
3773	NP_418298.4	476
3774	NP_418299.1	310
3775	NP_418300.1	928
3776	NP_418301.3	210
3777	NP_418302.1	169
3778	NP_418303.2	457
3779	YP_002791260.1	36
3780	NP_418304.1	469
3781	NP_418305.1	349
3782	NP_418306.1	469
3783	YP_026274.1	607
3784	NP_418308.1	236
3785	NP_418309.1	326
3786	NP_418310.1	421
3787	NP_418311.1	230
3788	YP_026275.1	467
3789	NP_418313.4	461
3790	NP_418314.1	678
3791	NP_418315.3	308
3792	NP_418316.4	413
3793	NP_418317.1	292
3794	NP_418318.1	298
3795	NP_418319.2	298
3796	NP_418320.2	261
3797	NP_418321.4	199
3798	NP_418322.1	290
3799	NP_418323.1	145
3800	NP_418324.1	329
3801	NP_418325.4	72
3802	NP_418326.2	72
3803	NP_418327.1	309
3804	NP_418328.1	211
3805	NP_418329.1	300
3806	NP_418330.1	1016
3807	NP_418331.1	277
3808	NP_418332.1	351
3809	NP_418333.1	582
3810	NP_418334.1	356
3811	NP_418335.4	483
3812	NP_418336.1	148
3813	NP_418337.1	104
3814	NP_418338.1	274
3815	YP_026276.1	419
3816	NP_418340.1	489
3817	NP_418341.1	278
3818	NP_418342.2	282
3819	NP_418343.1	344
3820	NP_418344.3	206
3821	NP_418345.2	327
3822	NP_418346.2	224
3823	NP_418347.1	457
3824	NP_418348.1	232
3825	YP_026277.1	166
3826	NP_418350.1	300
3827	NP_418351.1	320
3828	NP_418352.1	329
3829	NP_418353.1	251
3830	NP_418354.1	255
3831	NP_418355.1	199
3832	NP_418356.1	146
3833	NP_418357.1	99
3834	NP_418358.1	142
3835	NP_418359.1	248
3836	NP_418360.1	336
3837	NP_418361.1	502
3838	NP_418362.1	281
3839	NP_418363.1	81
3840	NP_418364.1	161
3841	NP_418365.1	308
3842	NP_418366.1	443
3843	NP_418367.1	176
3844	NP_418368.1	319
3845	NP_418369.1	341
3846	NP_418370.1	732
3847	NP_418371.1	70
3848	NP_418372.1	202
3849	NP_418373.1	105
3850	NP_418374.1	386
3851	NP_418375.1	810
3852	NP_418376.1	296
3853	NP_418377.1	726
3854	NP_418378.4	301
3855	NP_418379.1	205
3856	NP_418380.4	367
3857	NP_418381.1	220
3858	YP_026278.1	833
3859	NP_418384.1	359
3860	NP_418385.1	106
3861	NP_418386.1	765
3862	NP_418387.3	292
3863	NP_418388.1	113
3864	NP_418389.1	283
3865	NP_418390.1	577
3866	NP_418391.1	883
3867	NP_418392.1	383
3868	NP_418393.1	334
3869	NP_418394.3	258
3870	NP_418395.1	457
3871	NP_418396.1	305
3872	NP_418397.2	466
3873	NP_418398.3	234
3874	NP_418399.1	119
3875	NP_418400.1	366
3876	NP_418401.1	614
3877	NP_418402.2	285
3878	NP_418403.1	342
3879	NP_418404.1	321
3880	NP_418405.1	316
3881	NP_418407.1	394
3882	NP_418408.1	127
3883	NP_418409.1	181
3884	NP_418410.1	142
3885	NP_418411.1	234
3886	NP_418412.1	165
3887	NP_418413.1	121
3888	NP_418414.1	1342
3889	NP_418415.1	1407
3890	NP_418416.1	179
3891	NP_418417.1	377
3892	NP_418418.2	256
3893	YP_026279.1	66
3894	NP_418420.4	251
3895	NP_418421.1	211
3896	NP_418422.1	631
3897	NP_418423.1	158
3898	YP_026280.1	257
3899	NP_418425.1	354
3900	NP_418426.2	223
3901	NP_418427.1	196
3902	NP_418428.1	90
3903	NP_418429.1	231
3904	NP_418430.2	141
3905	NP_418431.1	465
3906	NP_418432.1	441
3907	NP_418433.1	429
3908	NP_418434.1	529
3909	NP_418435.1	127
3910	NP_418436.1	147
3911	NP_418437.1	309
3912	NP_418438.1	533
3913	NP_418439.1	434
3914	NP_418440.1	578
3915	NP_418441.1	728
3916	NP_418442.2	274
3917	NP_418443.1	1227
3918	NP_418444.1	543
3919	NP_418445.1	229
3920	NP_418446.1	290
3921	NP_418447.1	90
3922	NP_418448.1	449
3923	NP_418449.1	549
3924	NP_418450.1	80
3925	NP_418451.4	212
3926	NP_418452.1	245
3927	NP_418453.1	698
3928	YP_001165332.1	92
3929	NP_418454.1	136
3930	NP_418455.1	491
3931	NP_418456.1	296
3932	NP_418457.1	514
3933	NP_418458.1	396
3934	NP_418459.1	371
3935	NP_418460.1	446
3936	NP_418461.1	306
3937	NP_418463.4	165
3938	NP_418464.1	290
3939	NP_418465.4	807
3940	NP_418466.1	122
3941	NP_418467.1	202
3942	NP_418468.3	459
3943	NP_418469.1	69
3944	NP_418470.4	171
3945	NP_418471.1	84
3946	NP_418472.1	235
3947	NP_418473.3	345
3948	NP_418474.4	80
3949	NP_418475.1	327
3950	NP_418476.1	471
3951	NP_418477.1	359
3952	NP_418478.1	397
3953	YP_001165333.1	67
3954	NP_418479.1	237
3955	NP_418480.1	138
3956	NP_418481.1	118
3957	NP_418482.1	940
3958	NP_418483.1	178
3959	NP_418484.4	93
3960	NP_418485.1	528
3961	NP_418486.1	107
3962	NP_418487.1	154
3963	NP_418488.1	449
3964	NP_418489.1	549
3965	NP_418490.1	430
3966	NP_418491.1	549
3967	NP_418492.1	104
3968	NP_418493.1	652
3969	YP_010283918.1	18
3970	NP_418494.1	478
3971	NP_418495.2	188
3972	NP_418496.1	223
3973	NP_418497.1	318
3974	NP_418498.1	552
3975	NP_418499.1	127
3976	NP_418500.1	198
3977	NP_418501.1	437
3978	NP_418502.1	229
3979	NP_418503.1	715
3980	NP_418504.1	488
3981	NP_418505.2	683
3982	NP_418506.1	343
3983	YP_001165334.1	91
3984	NP_418507.2	661
3985	NP_418508.1	309
3986	NP_418509.1	231
3987	NP_418510.1	326
3988	NP_418511.1	510
3989	NP_418512.1	311
3990	NP_418513.4	296
3991	NP_418514.1	149
3992	YP_026281.1	109
3993	NP_418516.1	252
3994	NP_418517.1	144
3995	NP_418518.1	185
3996	NP_418519.1	378
3997	NP_418520.1	226
3998	YP_026282.1	252
3999	NP_418522.1	281
4000	NP_418523.1	354
4001	NP_418524.1	194
4002	NP_418525.1	150
4003	NP_418526.1	241
4004	NP_418529.1	338
4005	NP_418530.1	262
4006	NP_418531.1	147
4007	NP_418532.1	111
4008	NP_418533.1	742
4009	NP_418534.4	292
4010	NP_418535.1	500
4011	YP_004831120.1	29
4012	NP_418536.1	363
4013	NP_418537.1	222
4014	NP_418538.2	547
4015	NP_418539.1	445
4016	NP_418540.1	253
4017	NP_418541.2	755
4018	NP_418542.1	302
4019	NP_418543.1	451
4020	NP_418544.2	473
4021	NP_418545.1	209
4022	NP_418546.1	548
4023	NP_418547.1	446
4024	NP_418548.1	239
4025	NP_418549.1	543
4026	NP_418550.1	76
4027	NP_418551.1	90
4028	NP_418552.1	98
4029	YP_588474.1	57
4030	NP_418553.1	505
4031	NP_418554.1	485
4032	NP_418555.1	715
4033	NP_418556.1	444
4034	NP_418557.1	512
4035	NP_418558.2	191
4036	NP_418559.1	565
4037	NP_418560.1	112
4038	NP_418561.1	433
4039	NP_418562.4	478
4040	NP_418564.2	158
4041	NP_418565.1	418
4042	NP_418566.1	97
4043	NP_418567.1	548
4044	NP_418568.2	117
4045	NP_418569.1	289
4046	NP_418570.1	342
4047	NP_418571.1	188
4048	YP_026283.1	41
4049	YP_026284.1	48
4050	NP_418572.4	105
4051	NP_418573.1	177
4052	NP_418574.1	377
4053	NP_418575.1	119
4054	NP_418576.1	131
4055	NP_418577.1	244
4056	NP_418578.1	602
4057	NP_418579.2	325
4058	NP_418580.2	500
4059	NP_418581.1	104
4060	NP_418582.1	104
4061	NP_418583.1	1107
4062	NP_418584.1	322
4063	NP_418585.4	350
4064	NP_418586.4	181
4065	YP_002791261.1	17
4066	NP_418587.1	379
4067	NP_418588.1	515
4068	NP_418589.1	153
4069	NP_418590.1	445
4070	NP_418591.1	615
4071	NP_418592.1	316
4072	NP_418593.1	102
4073	NP_418594.1	426
4074	NP_418595.1	419
4075	NP_418596.1	334
4076	NP_418597.1	65
4077	NP_418598.1	432
4078	NP_418599.1	141
4079	NP_418600.4	813
4080	NP_418601.1	243
4081	NP_418602.1	133
4082	NP_418603.1	232
4083	NP_418604.1	219
4084	NP_418605.1	132
4085	NP_418606.1	212
4086	NP_418607.1	387
4087	NP_418608.6	541
4088	NP_418609.4	91
4089	NP_418610.4	109
4090	NP_418611.1	249
4091	NP_418612.1	251
4092	NP_418613.2	354
4093	NP_418614.4	465
4094	NP_418615.1	101
4095	NP_418616.1	154
4096	NP_418617.1	216
4097	NP_418618.1	284
4098	NP_418619.1	228
4099	NP_418620.1	91
4100	NP_418621.5	131
4101	NP_418622.1	104
4102	NP_418623.1	75
4103	NP_418624.1	149
4104	NP_418625.1	264
4105	NP_418627.4	212
4106	NP_418628.4	206
4107	NP_418629.1	470
4108	NP_418630.1	220
4109	NP_418631.2	321
4110	NP_418632.1	286
4111	NP_418633.4	126
4112	NP_418634.1	647
4113	NP_418635.1	246
4114	YP_026285.1	312
4115	NP_418637.1	184
4116	NP_418638.2	68
4117	NP_418639.1	447
4118	NP_418640.1	212
4119	NP_418641.1	577
4120	NP_418642.1	1259
4121	NP_418643.1	113
4122	NP_418645.2	83
4123	NP_418646.1	116
4124	NP_418647.1	176
4125	NP_418648.1	318
4126	YP_026286.1	500
4127	NP_418651.3	341
4128	NP_418652.2	331
4129	NP_418653.1	332
4130	NP_418654.1	457
4131	NP_418655.1	183
4132	NP_418656.1	450
4133	NP_418658.1	154
4134	NP_418659.1	712
4135	NP_418660.1	551
4136	NP_418661.1	473
4137	NP_418662.1	315
4138	YP_003933616.1	17
4139	NP_418663.1	898
4140	NP_418664.2	128
4141	NP_418665.1	153
4142	NP_418666.1	311
4143	NP_418667.1	44
4144	NP_418669.1	131
4145	NP_418670.1	237
4146	NP_418672.4	197
4147	NP_418673.4	150
4148	NP_418674.2	604
4149	NP_418675.1	334
4150	NP_418676.1	138
4151	YP_026287.1	167
4152	YP_026288.1	398
4153	NP_418679.1	951
4154	NP_418680.1	147
4155	NP_418681.1	503
4156	YP_010283919.1	18
4157	YP_010051214.1	16
4158	NP_418682.1	366
4159	NP_418683.4	360
4160	NP_418684.1	500
4161	NP_418685.1	332
4162	NP_418686.1	439
4163	NP_418687.1	254
4164	NP_418688.1	343
4165	NP_418689.1	187
4166	NP_418690.4	339
4167	NP_418692.2	121
4168	NP_418693.1	301
4169	NP_418697.1	109
4170	NP_418698.1	442
4171	NP_418699.4	405
4172	NP_418700.2	372
4173	YP_001491548.1	41
4174	NP_418704.1	383
4175	NP_418707.1	255
4176	NP_418708.1	318
4177	NP_418709.1	332
4178	NP_418710.4	300
4179	NP_418711.1	774
4180	NP_418712.1	317
4181	NP_418713.1	173
4182	YP_010051215.1	22
4183	NP_418714.1	91
4184	NP_418715.2	328
4185	NP_418716.1	449
4186	NP_418717.1	655
4187	NP_418718.4	301
4188	NP_418719.1	262
4189	NP_418720.1	260
4190	NP_418721.1	210
4191	NP_418722.1	143
4192	NP_418723.1	268
4193	NP_418724.1	437
4194	YP_588476.1	92
4195	NP_418725.4	373
4196	NP_418726.1	248
4197	NP_418727.1	181
4198	YP_588477.1	85
4199	YP_010051216.1	32
4200	NP_418729.1	326
4201	NP_418730.4	368
4202	NP_418731.2	238
4203	NP_418732.1	200
4204	NP_418733.1	198
4205	NP_418734.1	182
4206	NP_418735.2	179
4207	NP_418736.3	241
4208	NP_418737.1	878
4209	NP_418738.1	176
4210	NP_418739.1	167
4211	NP_418740.1	300
4212	NP_418741.1	447
4213	NP_418742.1	394
4214	NP_418743.1	486
4215	NP_418744.1	257
4216	NP_418745.3	276
4217	YP_009518830.1	33
4218	YP_009518831.1	47
4219	YP_009518832.1	27
4220	NP_418746.4	130
4221	NP_418747.1	303
4222	NP_418748.1	390
4223	NP_418749.1	153
4224	NP_418750.2	227
4225	NP_418751.4	184
4226	NP_418752.1	392
4227	NP_418753.3	286
4228	YP_009518833.1	85
4229	NP_418754.2	255
4230	NP_418755.4	383
4231	NP_418756.1	426
4232	NP_418757.1	410
4233	YP_010283920.1	11
4234	NP_418760.1	470
4235	NP_418761.1	54
4236	YP_009518834.1	505
4237	NP_418765.1	348
4238	YP_010051217.1	298
4239	NP_418766.4	459
4240	NP_418767.4	113
4241	NP_418768.1	464
4242	NP_418769.1	529
4243	NP_418770.2	1170
4244	NP_418771.1	304
4245	NP_418772.4	318
4246	NP_418773.1	67
4247	NP_418774.2	716
4248	NP_418775.1	551
4249	NP_418776.1	453
4250	YP_026290.1	304
4251	NP_418778.4	340
4252	NP_418779.2	763
4253	NP_418780.2	164
4254	NP_418781.1	245
4255	NP_418782.1	179
4256	NP_418783.2	157
4257	NP_418784.4	256
4258	NP_418785.1	241
4259	NP_418786.4	225
4260	NP_418787.1	262
4261	YP_588478.1	78
4262	NP_418788.1	343
4263	NP_418789.1	137
4264	NP_418790.1	148
4265	NP_418791.1	225
4266	NP_418792.1	529
4267	NP_418793.1	201
4268	YP_588479.2	53
4269	NP_418794.1	357
4270	YP_026291.2	259
4271	NP_418796.1	287
4272	NP_418797.1	516
4273	NP_418798.1	259
4274	NP_418799.1	440
4275	NP_418800.1	407
4276	NP_418801.1	239
4277	NP_418802.1	443
4278	NP_418803.1	338
4279	NP_418804.1	214
4280	NP_418805.1	322
4281	NP_418806.1	460
4282	NP_418807.4	410
4283	NP_418808.1	555
4284	NP_418809.4	645
4285	NP_418810.1	108
4286	NP_418811.2	170
4287	NP_418812.1	215
4288	NP_418813.1	289
4289	NP_418814.1	157
4290	NP_418815.1	229
4291	NP_418816.1	474
4292	NP_418817.1	450
4293	NP_418818.1	238
4294	NP_418819.1	46
4295	YP_010283921.1	17
4296	NP_418820.1	228
